bank,model,eval_country,gps_dimension,n_questions,r_mean,delta_tvd_base_to_adapter
co2_8,BRA_adapter,BRA,altruism,3,0.39050018644789064,-0.44579761771442883
co2_8,BRA_adapter,BRA,negrecip,4,0.9245523594354658,0.04029459912022998
co2_8,BRA_adapter,BRA,patience,4,0.9898325823971481,0.03188495303380812
co2_8,BRA_adapter,BRA,posrecip,2,,0.08469012462509024
co2_8,BRA_adapter,BRA,risktaking,4,-0.1730120525661141,0.018021652002474853
co2_8,BRA_adapter,BRA,trust,12,0.7577503057785783,0.035804744062197524
co2_8,EGY_adapter,EGY,altruism,3,0.50566881279893,-0.015873698138901493
co2_8,EGY_adapter,EGY,negrecip,4,0.8722416139795166,0.021849947743848575
co2_8,EGY_adapter,EGY,patience,4,0.9841500382233557,0.026613621035853074
co2_8,EGY_adapter,EGY,posrecip,2,,-0.027700601411361603
co2_8,EGY_adapter,EGY,risktaking,4,-0.7635616029658887,0.0442604830082709
co2_8,EGY_adapter,EGY,trust,9,0.6660175111641704,0.08403000298987695
co2_8,GRC_adapter,GRC,altruism,3,0.2878554977415877,-0.5884903070032895
co2_8,GRC_adapter,GRC,negrecip,4,0.8126282835596152,0.014304153072983272
co2_8,GRC_adapter,GRC,patience,4,0.9897403094830861,-0.1620186747415796
co2_8,GRC_adapter,GRC,posrecip,2,,0.11554287628003262
co2_8,GRC_adapter,GRC,risktaking,4,0.8815851026004042,-0.03222325977132723
co2_8,GRC_adapter,GRC,trust,12,0.6253763194902048,0.0048332247891230695
co2_8,IDN_adapter,IDN,altruism,3,0.9559003495730588,-0.015076810675276775
co2_8,IDN_adapter,IDN,negrecip,4,0.7922193772430058,0.05734382998301807
co2_8,IDN_adapter,IDN,patience,4,0.990811929340641,0.02652059569603238
co2_8,IDN_adapter,IDN,posrecip,2,,0.052913063702185514
co2_8,IDN_adapter,IDN,risktaking,4,-0.8657906695814327,0.044821490325012925
co2_8,IDN_adapter,IDN,trust,12,0.09579609381221994,0.0859811878289704
co2_8,IND_adapter,IND,altruism,3,-0.9999817303222455,0.02307511176555077
co2_8,IND_adapter,IND,negrecip,4,0.8593788033597174,0.08645503257684672
co2_8,IND_adapter,IND,patience,4,0.974978008199597,-0.15000212040016825
co2_8,IND_adapter,IND,posrecip,2,,0.19178879641867747
co2_8,IND_adapter,IND,risktaking,4,0.9029818374274953,-0.1305347184791445
co2_8,IND_adapter,IND,trust,12,0.3121862107455819,0.11113498943395189
co2_8,NGA_adapter,NGA,altruism,3,-0.9930903383130046,0.050217866506515496
co2_8,NGA_adapter,NGA,negrecip,4,0.5407696721134155,0.13800013649969034
co2_8,NGA_adapter,NGA,patience,4,0.9976844324724153,-0.09183587881191524
co2_8,NGA_adapter,NGA,posrecip,2,,-0.048229894096572246
co2_8,NGA_adapter,NGA,risktaking,4,-0.12403970495059889,0.010956694927686916
co2_8,NGA_adapter,NGA,trust,12,0.4994080675002153,-0.07903008545539236
co2_8,NLD_adapter,NLD,altruism,3,0.8682232983734512,0.2696401472637444
co2_8,NLD_adapter,NLD,negrecip,4,0.755143329431157,0.36305395977578686
co2_8,NLD_adapter,NLD,patience,4,0.989906363840131,0.00690143613784211
co2_8,NLD_adapter,NLD,posrecip,2,,0.0002861708138067187
co2_8,NLD_adapter,NLD,risktaking,4,-0.6341671863884882,0.06735214200195278
co2_8,NLD_adapter,NLD,trust,12,0.8428039294985568,0.04187245344381618
co2_8,TUR_adapter,TUR,altruism,3,0.8504075211846487,0.10686891815154276
co2_8,TUR_adapter,TUR,negrecip,4,0.6813362077978503,0.15676835373600617
co2_8,TUR_adapter,TUR,patience,4,0.9977160795457941,-0.04181700363693064
co2_8,TUR_adapter,TUR,posrecip,2,,-0.08199381785354792
co2_8,TUR_adapter,TUR,risktaking,4,-0.6016423903760131,0.016264395469406612
co2_8,TUR_adapter,TUR,trust,12,0.4084952467310086,-0.016434938500572538
ksenias_base8,ARG_adapter,ARG,altruism,3,0.4612442308777377,0.2526897945161428
ksenias_base8,ARG_adapter,ARG,negrecip,4,0.5105358402392095,-0.0036149558732600506
ksenias_base8,ARG_adapter,ARG,patience,4,0.9998700951283904,-0.006220963513039579
ksenias_base8,ARG_adapter,ARG,posrecip,2,,0.0719245395924169
ksenias_base8,ARG_adapter,ARG,risktaking,4,-0.8076418589532872,0.0745920809859223
ksenias_base8,ARG_adapter,ARG,trust,12,0.8609018904174448,-0.009537759044039418
ksenias_base8,CHN_adapter,CHN,altruism,3,-0.9658946603405489,-0.00353323044542575
ksenias_base8,CHN_adapter,CHN,negrecip,4,0.7309869812384058,-0.002115166909599786
ksenias_base8,CHN_adapter,CHN,patience,4,0.9982536701552798,0.037517794363718826
ksenias_base8,CHN_adapter,CHN,posrecip,2,,0.06327570674101807
ksenias_base8,CHN_adapter,CHN,risktaking,4,0.21861581455775286,-0.013147008821090544
ksenias_base8,CHN_adapter,CHN,trust,12,0.2603834247078336,0.05318390089336816
ksenias_base8,DEU_adapter,DEU,altruism,3,0.9980601939283194,-0.48877494429603735
ksenias_base8,DEU_adapter,DEU,negrecip,4,0.8051567991965071,0.016094129518095524
ksenias_base8,DEU_adapter,DEU,patience,4,0.9893488628951181,0.01858781941729515
ksenias_base8,DEU_adapter,DEU,posrecip,2,,-0.14080445989079166
ksenias_base8,DEU_adapter,DEU,risktaking,4,0.5621689969255762,0.06048518966996885
ksenias_base8,DEU_adapter,DEU,trust,12,0.6041966862060112,0.09148369911208076
ksenias_base8,GBR_adapter,GBR,altruism,3,0.4758623541682214,0.3722716884654062
ksenias_base8,GBR_adapter,GBR,negrecip,4,0.9778521833916558,0.06688987841791139
ksenias_base8,GBR_adapter,GBR,patience,4,0.9872339420736164,0.026630329012825693
ksenias_base8,GBR_adapter,GBR,posrecip,2,,0.02342544571827715
ksenias_base8,GBR_adapter,GBR,risktaking,4,-0.6351918478186793,0.057026363869051355
ksenias_base8,GBR_adapter,GBR,trust,12,0.9028856172011921,0.03403155817003589
ksenias_base8,JPN_adapter,JPN,altruism,3,-0.882862427234712,-0.4553574015675549
ksenias_base8,JPN_adapter,JPN,negrecip,4,0.8924527440841221,0.005174953523344017
ksenias_base8,JPN_adapter,JPN,patience,4,0.9993181747467182,-0.00834464396709389
ksenias_base8,JPN_adapter,JPN,posrecip,2,,-0.08939686443470746
ksenias_base8,JPN_adapter,JPN,risktaking,4,0.7005758952466468,-0.027295291859789517
ksenias_base8,JPN_adapter,JPN,trust,12,0.4292660172493858,0.05899512413488095
ksenias_base8,RUS_adapter,RUS,altruism,3,0.42636117331831236,-0.5851299678695769
ksenias_base8,RUS_adapter,RUS,negrecip,4,0.8442012230989823,0.08659794931439785
ksenias_base8,RUS_adapter,RUS,patience,4,0.9990157109178835,0.005504389428744982
ksenias_base8,RUS_adapter,RUS,posrecip,2,,0.05608435411867008
ksenias_base8,RUS_adapter,RUS,risktaking,4,0.39206659378690106,0.10228840797808664
ksenias_base8,RUS_adapter,RUS,trust,12,0.46589659080403795,0.15541800564412128
usamex_canonical,MEX_adapter,MEX,altruism,3,0.03486626251298595,-0.2981521146024182
usamex_canonical,MEX_adapter,MEX,negrecip,4,0.5644674661123885,-0.009043938482703628
usamex_canonical,MEX_adapter,MEX,patience,4,0.9908431318176699,-0.04948295360578747
usamex_canonical,MEX_adapter,MEX,posrecip,2,,0.02947730862021769
usamex_canonical,MEX_adapter,MEX,risktaking,4,0.8181376235381826,0.01609752849233037
usamex_canonical,MEX_adapter,MEX,trust,12,0.49383002374223445,0.016592442433641774
usamex_canonical,USA_adapter,USA,altruism,3,0.5118946189030269,0.2596024123431049
usamex_canonical,USA_adapter,USA,negrecip,4,0.9294767812544467,0.31020140663642487
usamex_canonical,USA_adapter,USA,patience,4,0.9938163229266092,0.03991307782884901
usamex_canonical,USA_adapter,USA,posrecip,2,,0.08512132514330228
usamex_canonical,USA_adapter,USA,risktaking,4,-0.34755493808764276,0.0796929772870254
usamex_canonical,USA_adapter,USA,trust,12,0.7629034843644564,0.1367471249796675
