T,eval_country,tv_distance,entropy_error,std_error,mean_error,top_option_match,js_divergence
1.0,ARG,0.4686,-0.6332,-0.6099,0.3547,0.4667,0.2787
1.0,BRA,0.4411,-0.8576,-0.9325,0.1475,0.5333,0.2736
1.0,CHN,0.5225,-0.8502,-0.6459,0.1934,0.5,0.3427
1.0,DEU,0.4046,-0.7118,-0.5518,0.3708,0.5667,0.2439
1.0,EGY,0.563,-0.5973,-0.5825,0.2722,0.3333,0.3666
1.0,GBR,0.4435,-0.7632,-0.5956,0.4094,0.4483,0.2629
1.0,GRC,0.372,-0.6291,-0.4512,0.4185,0.5,0.1978
1.0,IDN,0.5538,-0.8929,-0.8263,0.1633,0.4,0.3513
1.0,IND,0.4913,-0.9323,-0.8005,0.2035,0.4333,0.2881
1.0,JPN,0.3916,-0.4736,-0.364,0.2781,0.5667,0.207
1.0,MEX,0.4789,-0.9282,-0.8192,-0.1554,0.3667,0.2856
1.0,NGA,0.4711,-0.4399,-0.5958,0.5197,0.3333,0.2718
1.0,NLD,0.4801,-0.562,-0.4635,0.6248,0.5,0.2802
1.0,RUS,0.4757,-1.1919,-0.8832,-0.0835,0.5,0.281
1.0,TUR,0.4444,-0.4225,-0.445,0.5087,0.4333,0.2465
1.0,USA,0.5077,-0.8867,-0.7814,0.549,0.3333,0.302
1.25,ARG,0.4378,-0.4625,-0.5265,0.3556,0.4667,0.2475
1.25,BRA,0.4223,-0.7075,-0.832,0.1487,0.5333,0.2484
1.25,CHN,0.5019,-0.7181,-0.5647,0.2028,0.5,0.316
1.25,DEU,0.382,-0.5183,-0.4419,0.4099,0.5667,0.2159
1.25,EGY,0.5372,-0.4482,-0.4739,0.267,0.3333,0.3353
1.25,GBR,0.42,-0.5902,-0.5069,0.4289,0.4483,0.2335
1.25,GRC,0.341,-0.4344,-0.3246,0.4256,0.5,0.1638
1.25,IDN,0.526,-0.7418,-0.7228,0.158,0.4,0.3152
1.25,IND,0.4512,-0.7393,-0.6762,0.2091,0.4333,0.2441
1.25,JPN,0.3694,-0.2827,-0.2445,0.3049,0.5667,0.1833
1.25,MEX,0.4407,-0.7248,-0.7046,-0.13,0.3667,0.245
1.25,NGA,0.4379,-0.2722,-0.4955,0.5328,0.3333,0.2398
1.25,NLD,0.4418,-0.3917,-0.3758,0.6157,0.5,0.2443
1.25,RUS,0.4391,-1.0216,-0.7774,-0.0726,0.5,0.2412
1.25,TUR,0.4126,-0.2363,-0.3426,0.5189,0.4333,0.2164
1.25,USA,0.4735,-0.7327,-0.7047,0.5444,0.3333,0.2645
1.5,ARG,0.4123,-0.3258,-0.4557,0.3511,0.4667,0.2231
1.5,BRA,0.4053,-0.5646,-0.7387,0.1565,0.5333,0.2265
1.5,CHN,0.4825,-0.5932,-0.484,0.2138,0.5,0.2921
1.5,DEU,0.3679,-0.3476,-0.3482,0.4439,0.5667,0.1937
1.5,EGY,0.5133,-0.3066,-0.373,0.2712,0.3333,0.3088
1.5,GBR,0.3981,-0.4443,-0.4321,0.441,0.4483,0.2092
1.5,GRC,0.3184,-0.2664,-0.213,0.4343,0.5,0.1396
1.5,IDN,0.4996,-0.6013,-0.6271,0.1608,0.4,0.2841
1.5,IND,0.4184,-0.5712,-0.5658,0.2168,0.4333,0.2078
1.5,JPN,0.3521,-0.1197,-0.1384,0.3295,0.5667,0.1665
1.5,MEX,0.4063,-0.5516,-0.6122,-0.1084,0.3667,0.2129
1.5,NGA,0.4117,-0.1426,-0.4144,0.5425,0.3333,0.2159
1.5,NLD,0.4092,-0.2491,-0.3,0.6074,0.5,0.2164
1.5,RUS,0.4035,-0.8572,-0.6786,-0.0585,0.5,0.2061
1.5,TUR,0.3898,-0.0915,-0.2591,0.5281,0.4333,0.1948
1.5,USA,0.4408,-0.5948,-0.6345,0.5374,0.3333,0.2332
2.0,ARG,0.3721,-0.1237,-0.3405,0.3386,0.4667,0.1881
2.0,BRA,0.3728,-0.3132,-0.5826,0.1868,0.5333,0.1934
2.0,CHN,0.4459,-0.36,-0.3358,0.2448,0.5,0.2519
2.0,DEU,0.3462,-0.0815,-0.2014,0.4923,0.5667,0.1639
2.0,EGY,0.4752,-0.0576,-0.2051,0.2984,0.3333,0.2693
2.0,GBR,0.3574,-0.2158,-0.3091,0.4519,0.4483,0.1733
2.0,GRC,0.2912,-0.0043,-0.0346,0.4603,0.5,0.1123
2.0,IDN,0.4511,-0.3574,-0.4678,0.1834,0.4,0.2358
2.0,IND,0.3614,-0.3056,-0.3884,0.242,0.4333,0.1567
2.0,JPN,0.3345,0.132,0.0271,0.3759,0.5667,0.148
2.0,MEX,0.3563,-0.2927,-0.4734,-0.077,0.3667,0.1688
2.0,NGA,0.3768,0.0356,-0.2939,0.5517,0.3333,0.1839
2.0,NLD,0.3644,-0.0311,-0.1742,0.5927,0.5,0.1788
2.0,RUS,0.3444,-0.5696,-0.5134,-0.0266,0.5,0.1531
2.0,TUR,0.3591,0.1089,-0.1323,0.5411,0.4333,0.1672
2.0,USA,0.3847,-0.3681,-0.5122,0.5208,0.3333,0.1872
3.0,ARG,0.3266,0.1138,-0.1795,0.3215,0.4667,0.1502
3.0,BRA,0.3425,0.029,-0.3816,0.2546,0.5333,0.1579
3.0,CHN,0.3983,-0.0006,-0.1225,0.317,0.5,0.2005
3.0,DEU,0.3223,0.2322,-0.011,0.5384,0.5667,0.1382
3.0,EGY,0.4366,0.2737,0.0058,0.3663,0.3333,0.2274
3.0,GBR,0.3131,0.0709,-0.1315,0.4559,0.4483,0.1358
3.0,GRC,0.2764,0.3026,0.1743,0.5214,0.5,0.0993
3.0,IDN,0.3915,-0.0338,-0.2655,0.2436,0.4,0.1806
3.0,IND,0.2917,0.0077,-0.1796,0.3015,0.4333,0.1086
3.0,JPN,0.3321,0.418,0.214,0.4405,0.5667,0.1396
3.0,MEX,0.3218,-0.0046,-0.3004,-0.0396,0.3667,0.1252
3.0,NGA,0.3363,0.2201,-0.1468,0.553,0.3333,0.1515
3.0,NLD,0.3185,0.2297,0.0035,0.5721,0.5,0.1445
3.0,RUS,0.2731,-0.1846,-0.2948,0.025,0.5,0.099
3.0,TUR,0.3331,0.3174,0.0263,0.5563,0.4333,0.1428
3.0,USA,0.3083,-0.0727,-0.327,0.4916,0.3333,0.1379
