a,b,same_sign_class,cfst,log_gdp_gap
ARG,AUS,False,0.0529178455951701,0.7193931916700684
ARG,BGD,False,0.0928225855786043,1.522835812012021
ARG,BOL,False,0.0417824963999188,0.8691841038650878
ARG,BRA,False,0.0326539693523311,0.4372660470035896
ARG,CAN,False,0.0514270232455722,0.7116871448651771
ARG,CHL,False,0.0256383403206649,0.01151394778425363
ARG,CHN,False,0.0973883863898293,0.5020519889832364
ARG,COL,False,0.0368665032670654,0.4874484010248654
ARG,CZE,False,0.0437767309852622,0.48027847592216233
ARG,DEU,False,0.0632623843958382,0.7956479444778033
ARG,EGY,False,0.0635023901767871,0.674802053063118
ARG,GBR,False,0.0521606487593765,0.6292308459637947
ARG,GRC,False,0.0500914544150046,0.1485798784142105
ARG,GTM,False,0.0409074634073678,0.9198704311987598
ARG,IDN,False,0.0899650740680665,0.8554171166277627
ARG,IND,False,0.0660478313716307,1.3676528748996013
ARG,IRN,False,0.0593560060510602,0.5874831158952194
ARG,IRQ,False,0.0362294107546893,0.6520065082038844
ARG,JOR,False,0.0600050490624633,0.9965536392781384
ARG,JPN,False,0.0909837828212694,0.4936455245586515
ARG,KAZ,False,0.0534913092732947,0.13462197919541552
ARG,KEN,False,0.0491390477756743,1.7349461584069612
ARG,KOR,False,0.0437019937939112,0.5354248671530613
ARG,MAR,False,0.032569021355131,1.1913295484373805
ARG,MEX,False,0.0357860670918019,0.24661186048165362
ARG,NGA,False,0.0486257774466674,1.1824232621583484
ARG,NIC,False,0.0409388009167771,1.3693246558657712
ARG,NLD,False,0.0658934394964679,0.8588034632508084
ARG,PAK,False,0.0608307743674239,1.7096104335442206
ARG,PER,False,0.0572203335560783,0.6106534814076525
ARG,PHL,False,0.0802980503775313,1.1747354780550108
ARG,ROU,False,0.0391911237926504,0.16346473813524653
ARG,RUS,False,0.0276178457828901,0.2569494275831179
ARG,SRB,False,0.0136332575341505,0.34227230079924986
ARG,THA,False,0.0519674969183009,0.32343519999048986
ARG,TUR,False,0.0612383278461351,0.004421717267494074
ARG,UKR,False,0.0159112480609716,0.5240647220771706
ARG,USA,False,0.0464306026189635,0.8733072115092462
ARG,VEN,False,0.0274920891521951,
ARG,VNM,False,0.095399502262535,0.9847525721097057
ARG,ZWE,False,0.0405328539118317,1.6820245114925552
AUS,BGD,False,0.1059755843152274,2.2422290036820893
AUS,BOL,False,0.1001128750329254,1.5885772955351563
AUS,BRA,False,0.0567054466349594,1.156659238673658
AUS,CAN,True,0.0086583077276285,0.007706046804891287
AUS,CHL,False,0.052830854093668,0.7078792438858148
AUS,CHN,False,0.0801901472349721,1.2214451806533049
AUS,COL,False,0.078914603188307,1.2068415926949339
AUS,CZE,False,0.0339764583721006,0.2391147157479061
AUS,DEU,False,0.0193696317179353,0.07625475280773486
AUS,EGY,False,0.0901670346608896,1.3941952447331865
AUS,GBR,False,0.0083313909285382,0.09016234570627368
AUS,GRC,False,0.0725647290018883,0.5708133132558579
AUS,GTM,False,0.078507937057912,1.6392636228688282
AUS,IDN,False,0.0974490716249557,1.574810308297831
AUS,IND,False,0.0611624875067685,2.0870460665696697
AUS,IRN,False,0.0533939668567896,1.3068763075652878
AUS,IRQ,False,0.064814885392306,1.3713996998739528
AUS,JOR,False,0.0526866004234848,1.7159468309482069
AUS,JPN,False,0.0643831989365192,0.22574766711141692
AUS,KAZ,False,0.059900826376206,0.5847712124746529
AUS,KEN,False,0.0660329118056605,2.4543393500770296
AUS,KOR,False,0.0549797225964778,0.18396832451700718
AUS,MAR,False,0.0538377492415971,1.910722740107449
AUS,MEX,False,0.0889874965588599,0.966005052151722
AUS,NGA,False,0.0680548987894261,1.9018164538284168
AUS,NIC,False,0.0924607535884282,2.0887178475358397
AUS,NLD,False,0.0228343640134335,0.13941027158073993
AUS,PAK,False,0.0664489675871975,2.429003625214289
AUS,PER,False,0.1188505302161999,1.330046673077721
AUS,PHL,False,0.0917334139045166,1.8941286697250792
AUS,ROU,False,0.0741977925907355,0.5559284535348219
AUS,RUS,False,0.0551965549910882,0.46244376408695054
AUS,SRB,False,0.0481865331869408,1.0616654924693183
AUS,THA,False,0.0486757202431543,1.0428283916605583
AUS,TUR,False,0.0543924621137023,0.7238149089375625
AUS,UKR,False,0.0534305311443784,1.243457913747239
AUS,USA,True,0.0137441340262823,0.15391401983917774
AUS,VEN,False,0.0952793019231197,
AUS,VNM,False,0.0955059164124428,1.7041457637797741
AUS,ZWE,False,0.0604569828444836,2.4014177031626236
BGD,BOL,False,0.1109604187133366,0.6536517081469331
BGD,BRA,False,0.0857534047699504,1.0855697650084313
BGD,CAN,False,0.1053131912437056,2.234522956877198
BGD,CHL,False,0.0930222879721348,1.5343497597962745
BGD,CHN,False,0.0541337240211295,1.0207838230287845
BGD,COL,False,0.1021907116183033,1.0353874109871555
BGD,CZE,False,0.0959117028519216,2.0031142879341832
BGD,DEU,False,0.0658665691823947,2.318483756489824
BGD,EGY,False,0.0721728065624339,0.8480337589489029
BGD,GBR,False,0.1051013602556457,2.1520666579758156
BGD,GRC,False,0.0897177703394079,1.6714156904262314
BGD,GTM,False,0.1332834555552798,0.6029653808132611
BGD,IDN,False,0.0606025903759084,0.6674186953842582
BGD,IND,False,0.0608049302362909,0.1551829371124196
BGD,IRN,False,0.0843631585934597,0.9353526961168015
BGD,IRQ,False,0.100439748905709,0.8708293038081365
BGD,JOR,False,0.0898459354137408,0.5262821727338824
BGD,JPN,False,0.0857765193284706,2.0164813365706724
BGD,KAZ,False,0.0714219398816572,1.6574577912074364
BGD,KEN,False,0.0819094379725917,0.2121103463949403
BGD,KOR,False,0.0744396511536588,2.058260679165082
BGD,MAR,False,0.0702823496680028,0.3315062635746404
BGD,MEX,False,0.1102800137729873,1.2762239515303673
BGD,NGA,False,0.0660164381146505,0.34041254985367253
BGD,NIC,False,0.0916181100621464,0.15351115614624966
BGD,NLD,False,0.1035622919318185,2.3816392752628293
BGD,PAK,False,0.0370073277906792,0.1867746215321997
BGD,PER,False,0.1218290512377096,0.9121823306043684
BGD,PHL,False,0.0814491476586098,0.3481003339570101
BGD,ROU,False,0.0790966986451401,1.6863005501472674
BGD,RUS,False,0.0855949953887121,1.7797852395951388
BGD,SRB,False,0.1048243932138674,1.180563511212771
BGD,THA,False,0.0538317185437299,1.199400612021531
BGD,TUR,False,0.0417366068768194,1.5184140947445268
BGD,UKR,False,0.1081046542711001,0.9987710899348503
BGD,USA,False,0.1033809302238612,2.396143023521267
BGD,VEN,False,0.1078198286179578,
BGD,VNM,False,0.084425620455809,0.5380832399023152
BGD,ZWE,False,0.0656140764248037,0.15918869948053427
BOL,BRA,False,0.0323671994297147,0.4319180568614982
BOL,CAN,False,0.1012749615858359,1.580871248730265
BOL,CHL,False,0.0383583616333867,0.8806980516493415
BOL,CHN,False,0.1227296869232601,0.3671321148818514
BOL,COL,False,0.0085522710859744,0.3817357028402224
BOL,CZE,False,0.0773072986807981,1.3494625797872501
BOL,DEU,False,0.1175251176856411,1.6648320483428911
BOL,EGY,False,0.0896192239860991,0.1943820508019698
BOL,GBR,False,0.1131039591674565,1.4984149498288826
BOL,GRC,False,0.0717539488230083,1.0177639822792983
BOL,GTM,False,0.0287141180488595,0.050686327333671954
BOL,IDN,False,0.0750399160405697,0.013766987237325168
BOL,IND,False,0.086474002729829,0.4984687710345135
BOL,IRN,False,0.0838647735587634,0.2817009879698684
BOL,IRQ,False,0.0576918873371989,0.21717759566120343
BOL,JOR,False,0.0832172679843229,0.12736953541305063
BOL,JPN,False,0.1103616803552192,1.3628296284237393
BOL,KAZ,False,0.0747317996366215,1.0038060830605033
BOL,KEN,False,0.055027352273018,0.8657620545418734
BOL,KOR,False,0.0620317654814387,1.404608971018149
BOL,MAR,False,0.0323870340875811,0.32214544457229266
BOL,MEX,False,0.0101431236784493,0.6225722433834342
BOL,NGA,False,0.0470985993672358,0.31323915829326054
BOL,NIC,False,0.0064659126018141,0.5001405520006834
BOL,NLD,False,0.1267960230679015,1.7279875671158962
BOL,PAK,False,0.0646816203937904,0.8404263296791328
BOL,PER,False,0.0207590240092179,0.2585306224574353
BOL,PHL,False,0.0995743364257783,0.30555137418992295
BOL,ROU,False,0.0358674124772558,1.0326488420003344
BOL,RUS,False,0.0493918214088417,1.1261335314482057
BOL,SRB,False,0.0428353809452975,0.526911803065838
BOL,THA,False,0.07607831121717,0.545748903874598
BOL,TUR,False,0.0876190059917288,0.8647623865975937
BOL,UKR,False,0.0424074844480396,0.34511938178791723
BOL,USA,False,0.084663797995079,1.742491315374334
BOL,VEN,False,0.0207559649165397,
BOL,VNM,False,0.1270648617164283,0.11556846824461786
BOL,ZWE,False,0.0548527451697926,0.8128404076274673
BRA,CAN,False,0.0587274188341857,1.1489531918687668
BRA,CHL,False,0.0231439045419096,0.44877999478784325
BRA,CHN,False,0.0933957948876981,0.06478594197964682
BRA,COL,False,0.022884149620079,0.0501823540212758
BRA,CZE,False,0.0459437228377408,0.917544522925752
BRA,DEU,False,0.0728375221121767,1.232913991481393
BRA,EGY,False,0.0619721304471144,0.2375360060595284
BRA,GBR,False,0.0593080148074112,1.0664968929673844
BRA,GRC,False,0.0317524519766946,0.5858459254178001
BRA,GTM,False,0.0425605973404257,0.48260438419517016
BRA,IDN,False,0.0680915610578699,0.41815106962417303
BRA,IND,False,0.0727538930015446,0.9303868278960117
BRA,IRN,False,0.0581185529786377,0.15021706889162978
BRA,IRQ,False,0.0420720961811328,0.21474046120029477
BRA,JOR,False,0.0447165115069027,0.5592875922745488
BRA,JPN,False,0.0693471630400186,0.9309115715622411
BRA,KAZ,False,0.0528196943966116,0.5718880261990051
BRA,KEN,False,0.0432265750661819,1.2976801114033716
BRA,KOR,False,0.0462853443735585,0.9726909141566509
BRA,MAR,True,0.0253366031673815,0.7540635014337909
BRA,MEX,False,0.0267475635878652,0.190654186521936
BRA,NGA,False,0.0394539987430754,0.7451572151547587
BRA,NIC,False,0.030751970266105,0.9320586088621816
BRA,NLD,False,0.0818142606957107,1.296069510254398
BRA,PAK,False,0.0612141328026326,1.272344386540631
BRA,PER,False,0.0286474929305245,0.1733874344040629
BRA,PHL,False,0.080705698792993,0.7374694310514212
BRA,ROU,False,0.0213777539666211,0.6007307851388362
BRA,RUS,False,0.0396651569230194,0.6942154745867075
BRA,SRB,False,0.0266038419568779,0.09499374620433976
BRA,THA,False,0.0563588538726705,0.11383084701309976
BRA,TUR,False,0.055860794790758,0.43284432973609555
BRA,UKR,False,0.0273638401828633,0.08679867507358097
BRA,USA,False,0.0368340304987244,1.3105732585128358
BRA,VEN,False,0.0309457063221276,
BRA,VNM,False,0.0978482525757419,0.5474865251061161
BRA,ZWE,False,0.0323164741760716,1.2447584644889655
CAN,CHL,False,0.0469679194667112,0.7001731970809235
CAN,CHN,False,0.0861286373597826,1.2137391338484136
CAN,COL,False,0.0832358566500005,1.1991355458900426
CAN,CZE,False,0.0279535845119762,0.23140866894301482
CAN,DEU,False,0.0302318758444056,0.08396079961262615
CAN,EGY,False,0.109100310344887,1.3864891979282952
CAN,GBR,False,0.0122469476393054,0.0824562989013824
CAN,GRC,False,0.0832230837310846,0.5631072664509666
CAN,GTM,False,0.0784415626075055,1.631557576063937
CAN,IDN,False,0.0978900636911804,1.5671042614929398
CAN,IND,False,0.0596181377711662,2.0793400197647784
CAN,IRN,False,0.0567328240313955,1.2991702607603965
CAN,IRQ,False,0.0672561894868434,1.3636936530690615
CAN,JOR,False,0.070661108865718,1.7082407841433156
CAN,JPN,False,0.0730754586827842,0.21804162030652563
CAN,KAZ,False,0.0515100081544468,0.5770651656697616
CAN,KEN,False,0.0623827173492108,2.4466333032721383
CAN,KOR,False,0.0533955801085629,0.1762622777121159
CAN,MAR,False,0.0552279587291138,1.9030166933025576
CAN,MEX,False,0.0871140571349842,0.9582990053468308
CAN,NGA,False,0.0735622287015489,1.8941104070235255
CAN,NIC,False,0.0932893729827066,2.0810118007309484
CAN,NLD,False,0.0259245929641351,0.14711631838563122
CAN,PAK,False,0.0652895341731824,2.4212975784093977
CAN,PER,False,0.1257951895953549,1.3223406262728297
CAN,PHL,False,0.0827149609392898,1.886422622920188
CAN,ROU,False,0.086658200464216,0.5482224067299306
CAN,RUS,False,0.0480667650367591,0.45473771728205925
CAN,SRB,False,0.0476202809179737,1.053959445664427
CAN,THA,False,0.0446510684249729,1.035122344855667
CAN,TUR,False,0.0560846311259942,0.7161088621326712
CAN,UKR,False,0.0514922097559885,1.2357518669423477
CAN,USA,True,0.0135614934437725,0.16162006664406903
CAN,VEN,False,0.1006213449918508,
CAN,VNM,False,0.0913738153278826,1.6964397169748828
CAN,ZWE,False,0.06373974926388,2.3937116563577323
CHL,CHN,False,0.0911164252262961,0.5135659367674901
CHL,COL,False,0.0333396649862594,0.49896234880911905
CHL,CZE,False,0.0366487295153999,0.4687645281379087
CHL,DEU,False,0.0692493138326261,0.7841339966935497
CHL,EGY,False,0.0969654260380567,0.6863160008473717
CHL,GBR,False,0.0614479781573595,0.6177168981795411
CHL,GRC,False,0.0532412065093327,0.13706593062995687
CHL,GTM,False,0.0435067200202469,0.9313843789830134
CHL,IDN,False,0.0723510454464669,0.8669310644120163
CHL,IND,False,0.0710863671589155,1.379166822683855
CHL,IRN,False,0.0627257130342811,0.598997063679473
CHL,IRQ,False,0.042334605887366,0.663520455988138
CHL,JOR,False,0.0677939319013177,1.008067587062392
CHL,JPN,False,0.0787328337996977,0.4821315767743979
CHL,KAZ,False,0.047478596755961,0.12310803141116189
CHL,KEN,False,0.0451367737097068,1.7464601061912148
CHL,KOR,False,0.0374426047997141,0.5239109193688076
CHL,MAR,False,0.0247951760825391,1.2028434962216341
CHL,MEX,False,0.0275667238940262,0.25812580826590725
CHL,NGA,False,0.0515975343037247,1.193937209942602
CHL,NIC,False,0.0419515754253182,1.3808386036500249
CHL,NLD,False,0.0772263084947857,0.8472895154665547
CHL,PAK,False,0.0594888190417122,1.7211243813284742
CHL,PER,False,0.0537109687483981,0.6221674291919062
CHL,PHL,False,0.0684878260772525,1.1862494258392644
CHL,ROU,False,0.0460223856971852,0.1519507903509929
CHL,RUS,False,0.0318040769628319,0.24543547979886426
CHL,SRB,False,0.025520589686025,0.3537862485835035
CHL,THA,False,0.0506337543578221,0.3349491477747435
CHL,TUR,False,0.0517525333825132,0.015935665051747705
CHL,UKR,False,0.023849373772117,0.5355786698614242
CHL,USA,False,0.0402839527300217,0.8617932637249925
CHL,VEN,False,0.0447950592968878,
CHL,VNM,False,0.0930600270411415,0.9962665198939593
CHL,ZWE,False,0.0475180457492,1.6935384592768088
CHN,COL,False,0.1162863271494431,0.014603587958371023
CHN,CZE,False,0.0674549549414918,0.9823304649053988
CHN,DEU,False,0.0673166407551288,1.2976999334610397
CHN,EGY,False,0.0849776917707725,0.17275006407988158
CHN,GBR,False,0.0998813387978881,1.1312828349470312
CHN,GRC,False,0.096959361755719,0.6506318673974469
CHN,GTM,False,0.1317861444264823,0.41781844221552333
CHN,IDN,False,0.0830389784418719,0.3533651276445262
CHN,IND,False,0.0659492396569746,0.8656008859163649
CHN,IRN,False,0.0586123513514623,0.08543112691198296
CHN,IRQ,False,0.1017829360128512,0.14995451922064795
CHN,JOR,False,0.0725199190863092,0.494501650294902
CHN,JPN,False,0.0614316662440592,0.995697513541888
CHN,KAZ,False,0.0583842429592637,0.636673968178652
CHN,KEN,False,0.1014796531760807,1.2328941694237248
CHN,KOR,False,0.0651270508437858,1.0374768561362977
CHN,MAR,False,0.089432528143295,0.689277559454144
CHN,MEX,False,0.1177415421422208,0.2554401285015828
CHN,NGA,False,0.1028967416822106,0.6803712731751119
CHN,NIC,False,0.1131181271381745,0.8672726668825348
CHN,NLD,False,0.0992715122309031,1.3608554522340448
CHN,PAK,False,0.0683693551539682,1.2075584445609842
CHN,PER,False,0.1312510535751207,0.10860149242441608
CHN,PHL,False,0.0764719365804974,0.6726834890717743
CHN,ROU,False,0.0930740295616817,0.665516727118483
CHN,RUS,False,0.0663593303821632,0.7590014165663543
CHN,SRB,False,0.0958064896923377,0.15977968818398658
CHN,THA,False,0.0608512140403466,0.17861678899274658
CHN,TUR,False,0.0485679542176687,0.49763027171574237
CHN,UKR,False,0.095669197708105,0.022012733093934145
CHN,USA,False,0.0892467939261432,1.3753592004924826
CHN,VEN,False,0.1240927885058816,
CHN,VNM,False,0.0566757457317217,0.48270058312646924
CHN,ZWE,False,0.0860723293744891,1.1799725225093187
COL,CZE,False,0.0700374856440517,0.9677268769470277
COL,DEU,False,0.097869980580765,1.2830963455026687
COL,EGY,False,0.0760117051353409,0.1873536520382526
COL,GBR,False,0.0884261161886497,1.1166792469886602
COL,GRC,False,0.0572316154666439,0.6360282794390759
COL,GTM,False,0.0210708810096381,0.43242203017389436
COL,IDN,False,0.0646099564603589,0.36796871560289723
COL,IND,False,0.0688260082532507,0.8802044738747359
COL,IRN,False,0.0684068931604624,0.10003471487035398
COL,IRQ,False,0.0430271143240483,0.16455810717901898
COL,JOR,True,0.0690949384331873,0.509105238253273
COL,JPN,False,0.0971585243331191,0.9810939255835169
COL,KAZ,False,0.0702573091709342,0.6220703802202809
COL,KEN,False,0.0370847375232674,1.2474977573820958
COL,KOR,False,0.0556959667482872,1.0228732681779267
COL,MAR,False,0.0222648219629181,0.7038811474125151
COL,MEX,False,0.0115146295767426,0.2408365405432118
COL,NGA,False,0.0364903952149708,0.694974861133483
COL,NIC,False,0.0069189005486348,0.8818762548409058
COL,NLD,False,0.108958203614307,1.3462518642756738
COL,PAK,False,0.0574345059396347,1.2221620325193552
COL,PER,False,0.024727222487615,0.1232050803827871
COL,PHL,False,0.0879568743282498,0.6872870770301454
COL,ROU,False,0.0286491788874429,0.650913139160112
COL,RUS,False,0.0481060146411073,0.7443978286079833
COL,SRB,False,0.0354302323153917,0.14517610022561556
COL,THA,False,0.0584321000375735,0.16401320103437556
COL,TUR,False,0.079401319604359,0.48302668375737134
COL,UKR,False,0.0354383777003478,0.03661632105230517
COL,USA,False,0.0620173491509104,1.3607556125341116
COL,VEN,False,0.0240138009744055,
COL,VNM,False,0.1163656181824965,0.49730417108484026
COL,ZWE,False,0.0374629673162515,1.1945761104676897
CZE,DEU,False,0.0430205285328143,0.31536946855564096
CZE,EGY,False,0.0873036916913919,1.1550805289852804
CZE,GBR,False,0.0466391365733824,0.14895237004163242
CZE,GRC,False,0.0602135810520795,0.33169859750795183
CZE,GTM,False,0.0599992753823947,1.400148907120922
CZE,IDN,False,0.0879268672263327,1.335695592549925
CZE,IND,False,0.0654571990008947,1.8479313508217636
CZE,IRN,False,0.0505733606266671,1.0677615918173817
CZE,IRQ,False,0.0652219059373776,1.1322849841260467
CZE,JOR,False,0.053245086093374,1.4768321152003008
CZE,JPN,True,0.0518673416754444,0.013367048636489187
CZE,KAZ,False,0.0328689596457049,0.3456564967267468
CZE,KEN,False,0.0613733633120931,2.2152246343291235
CZE,KOR,False,0.0203717652116451,0.05514639123089893
CZE,MAR,False,0.0360091729065823,1.6716080243595428
CZE,MEX,False,0.0629053145362077,0.726890336403816
CZE,NGA,False,0.0721209082608586,1.6627017380805107
CZE,NIC,False,0.0754251886915731,1.8496031317879336
CZE,NLD,False,0.0577000935107706,0.37852498732864603
CZE,PAK,False,0.0599011174790511,2.189888909466383
CZE,PER,False,0.0945161630120417,1.0909319573298148
CZE,PHL,False,0.0677523033827678,1.655013953977173
CZE,ROU,False,0.0589517107101888,0.3168137377869158
CZE,RUS,False,0.0169677922342408,0.22332904833904443
CZE,SRB,False,0.0273450349509443,0.8225507767214122
CZE,THA,False,0.0468494390868812,0.8037136759126522
CZE,TUR,False,0.046678114272327,0.4847001931896564
CZE,UKR,False,0.0308442312210775,1.004343197999333
CZE,USA,False,0.0349664348299672,0.39302873558708384
CZE,VEN,False,0.071098641208292,
CZE,VNM,False,0.0714813935557163,1.465031048031868
CZE,ZWE,False,0.0679107630225123,2.1623029874147175
DEU,EGY,False,0.0844040571178579,1.4704499975409213
DEU,GBR,False,0.0259422917210198,0.16641709851400854
DEU,GRC,False,0.0715496018721637,0.6470680660635928
DEU,GTM,False,0.1024206148025223,1.715518375676563
DEU,IDN,False,0.092149057569181,1.651065061105566
DEU,IND,False,0.0585412894269086,2.1633008193774046
DEU,IRN,False,0.0667248972131354,1.3831310603730227
DEU,IRQ,False,0.0840058722208012,1.4476544526816877
DEU,JOR,False,0.0601082166504417,1.7922015837559417
DEU,JPN,False,0.0667053039134871,0.3020024199191518
DEU,KAZ,False,0.0537823879696525,0.6610259652823878
DEU,KEN,False,0.0776633521334531,2.5305941028847645
DEU,KOR,False,0.0556686571486578,0.26022307732474204
DEU,MAR,False,0.0639800700444935,1.9869774929151838
DEU,MEX,False,0.1036509707662193,1.042259804959457
DEU,NGA,False,0.0706170904739319,1.9780712066361517
DEU,NIC,False,0.0986682414704266,2.1649726003435745
DEU,NLD,False,0.0270830934036348,0.06315551877300507
DEU,PAK,False,0.0588858650102489,2.505258378022024
DEU,PER,False,0.134824829982101,1.4063014258854558
DEU,PHL,False,0.0838817655275105,1.970383422532814
DEU,ROU,False,0.0726004509231932,0.6321832063425568
DEU,RUS,False,0.061787703370404,0.5386985168946854
DEU,SRB,False,0.0670105098898889,1.1379202452770532
DEU,THA,False,0.0459807800036039,1.1190831444682932
DEU,TUR,False,0.0344736164387902,0.8000696617452974
DEU,UKR,False,0.0727767828334164,1.3197126665549739
DEU,USA,False,0.0399309329225026,0.07765926703144288
DEU,VEN,False,0.1033823003480101,
DEU,VNM,False,0.0869895466999497,1.780400516587509
DEU,ZWE,False,0.0625040206484343,2.4776724559703585
EGY,GBR,False,0.0978419239774042,1.3040328990269128
EGY,GRC,False,0.0638589019305329,0.8233819314773285
EGY,GTM,False,0.0873761909757019,0.24506837813564175
EGY,IDN,True,0.1020740435059988,0.18061506356464463
EGY,IND,False,0.0892862774944682,0.6928508218364833
EGY,IRN,False,0.0621359263373412,0.08731893716789862
EGY,IRQ,False,0.0615344834087105,0.02279554485923363
EGY,JOR,False,0.0228479316953258,0.3217515862150204
EGY,JPN,False,0.0869144475263078,1.1684475776217695
EGY,KAZ,False,0.0921281382895576,0.8094240322585335
EGY,KEN,False,0.0854230136159317,1.0601441053438432
EGY,KOR,False,0.0754477120042154,1.2102269202161793
EGY,MAR,False,0.0615065260567088,0.5165274953742625
EGY,MEX,False,0.0886088492656342,0.4281901925814644
EGY,NGA,False,0.0662551902981453,0.5076212090952303
EGY,NIC,False,0.0873185853114316,0.6945226028026532
EGY,NLD,False,0.1131042123557076,1.5336055163139264
EGY,PAK,False,0.0720858721269186,1.0348083804811026
EGY,PER,False,0.0750155399968751,0.0641485716554655
EGY,PHL,False,0.1063481264703402,0.49993342499189275
EGY,ROU,False,0.054812350401638,0.8382667911983646
EGY,RUS,False,0.0680835095124497,0.9317514806462359
EGY,SRB,False,0.0517467572444389,0.33252975226386816
EGY,THA,False,0.076966280936547,0.35136685307262816
EGY,TUR,False,0.0659887873754071,0.670380335795624
EGY,UKR,False,0.0639791612912984,0.15073733098594744
EGY,USA,False,0.0881002830457905,1.5481092645723642
EGY,VEN,False,0.0439774371794805,
EGY,VNM,False,0.1140971292618402,0.30995051904658766
EGY,ZWE,False,0.0642339477307005,1.0072224584294371
GBR,GRC,False,0.0813208111755125,0.48065096754958425
GBR,GTM,False,0.0886878869893646,1.5491012771625545
GBR,IDN,False,0.1066878059174349,1.4846479625915574
GBR,IND,False,0.0669851260954222,1.996883720863396
GBR,IRN,False,0.0638095901256385,1.2167139618590141
GBR,IRQ,False,0.0717363118527136,1.2812373541676791
GBR,JOR,False,0.0652704045638879,1.6257844852419332
GBR,JPN,False,0.0929747419575213,0.13558532140514323
GBR,KAZ,False,0.0703717987918915,0.49460886676837923
GBR,KEN,False,0.0745831329744119,2.364177004370756
GBR,KOR,False,0.0668834901700973,0.09380597881073349
GBR,MAR,False,0.0649574836636287,1.8205603944011752
GBR,MEX,False,0.0967715352182786,0.8758427064454484
GBR,NGA,False,0.075545992565171,1.8116541081221431
GBR,NIC,False,0.1022219739328686,1.998555501829566
GBR,NLD,False,0.0179251415002742,0.22957261728701361
GBR,PAK,False,0.0678997912982352,2.3388412795080153
GBR,PER,False,0.1282952903865164,1.2398843273714473
GBR,PHL,False,0.1018381904638262,1.8039663240188055
GBR,ROU,False,0.0835066516948373,0.4657661078285482
GBR,RUS,False,0.0675470057184803,0.37228141838067685
GBR,SRB,False,0.0561081195995495,0.9715031467630446
GBR,THA,False,0.0545909858524024,0.9526660459542846
GBR,TUR,False,0.0647796775723496,0.6336525632312888
GBR,UKR,False,0.0605898208118896,1.1532955680409653
GBR,USA,False,0.0195049420461394,0.24407636554545142
GBR,VEN,False,0.108200604642397,
GBR,VNM,False,0.1087592579590437,1.6139834180735004
GBR,ZWE,False,0.0665656714894173,2.31125535745635
GRC,GTM,False,0.0718298638757035,1.0684503096129703
GRC,IDN,False,0.0869708762029988,1.0039969950419732
GRC,IND,True,0.0766225581757276,1.5162327533138118
GRC,IRN,False,0.0618092938708808,0.7360629943094299
GRC,IRQ,False,0.0433075923733191,0.8005863866180949
GRC,JOR,False,0.0566107426076412,1.145133517692349
GRC,JPN,False,0.0611954419378758,0.345065646144441
GRC,KAZ,False,0.0609780858995327,0.013957899218794978
GRC,KEN,False,0.0614212123639733,1.8835260368211717
GRC,KOR,False,0.0516722683559607,0.38684498873885076
GRC,MAR,False,0.042978806294456,1.339909426851591
GRC,MEX,False,0.0567000771157275,0.3951917388958641
GRC,NGA,False,0.0581147780452797,1.3310031405725589
GRC,NIC,False,0.057706400870787,1.5179045342799817
GRC,NLD,False,0.0958616572376834,0.7102235848365979
GRC,PAK,False,0.067197328456562,1.858190311958431
GRC,PER,False,0.0614449558098043,0.759233359821863
GRC,PHL,False,0.0996205953874452,1.3233153564692213
GRC,ROU,False,0.0263005123112861,0.014884859721036037
GRC,RUS,False,0.0478759403797288,0.1083695491689074
GRC,SRB,False,0.0370655355069726,0.49085217921346036
GRC,THA,False,0.0601180191086123,0.47201507840470036
GRC,TUR,False,0.0473903258011114,0.15300159568170457
GRC,UKR,False,0.042339151483967,0.6726446004913811
GRC,USA,False,0.0662791959055743,0.7247273330950357
GRC,VEN,False,0.0424525978253842,
GRC,VNM,False,0.1062626089183682,1.1333324505239162
GRC,ZWE,False,0.0459154047774316,1.8306043899067657
GTM,IDN,False,0.0894107452220295,0.06445331457099712
GTM,IND,False,0.0741085354699859,0.4477824437008415
GTM,IRN,False,0.06993791633798,0.3323873153035404
GTM,IRQ,False,0.0528742810405196,0.2678639229948754
GTM,JOR,False,0.0793082997085397,0.07668320807937867
GTM,JPN,False,0.1038193001514299,1.4135159557574113
GTM,KAZ,False,0.067228098636018,1.0544924103941753
GTM,KEN,False,0.0520167714880458,0.8150757272082014
GTM,KOR,False,0.0554030273535948,1.455295298351821
GTM,MAR,False,0.032573599549073,0.2714591172386207
GTM,MEX,True,0.0172990135975241,0.6732585707171062
GTM,NGA,False,0.0541605479406418,0.2625528309595886
GTM,NIC,False,0.0282942331171506,0.44945422466701146
GTM,NLD,False,0.1145616010351548,1.7786738944495681
GTM,PAK,False,0.0631949908617091,0.7897400023454608
GTM,PER,False,0.0432399015211703,0.30921694979110725
GTM,PHL,False,0.0964943101371801,0.254865046856251
GTM,ROU,True,0.0438315654992985,1.0833351693340063
GTM,RUS,True,0.0432052728062751,1.1768198587818777
GTM,SRB,False,0.0297144055648382,0.5775981303995099
GTM,THA,False,0.0632219295242348,0.5964352312082699
GTM,TUR,False,0.0884025204584835,0.9154487139312657
GTM,UKR,False,0.0262896151171765,0.3958057091215892
GTM,USA,False,0.0633288411009052,1.793177642708006
GTM,VEN,False,0.0282761066906773,
GTM,VNM,False,0.1110422366627333,0.0648821409109459
GTM,ZWE,False,0.0634096189251648,0.7621540802937954
IDN,IND,False,0.0275557057570796,0.5122357582718386
IDN,IRN,False,0.0490514516665731,0.26793400073254325
IDN,IRQ,False,0.0878901222187212,0.20341060842387826
IDN,JOR,False,0.0764463020000289,0.1411365226503758
IDN,JPN,False,0.1105888666909461,1.3490626411864142
IDN,KAZ,False,0.0402699619297098,0.9900390958231782
IDN,KEN,False,0.0379830158010794,0.8795290417791986
IDN,KOR,False,0.0684364561776436,1.390841983780824
IDN,MAR,False,0.0533416951578361,0.33591243180961783
IDN,MEX,False,0.0757173480498001,0.608805256146109
IDN,NGA,False,0.0370029256301884,0.3270061455305857
IDN,NIC,False,0.0559013331575525,0.5139075392380086
IDN,NLD,False,0.1289261127905142,1.714220579878571
IDN,PAK,False,0.024177261983694,0.854193316916458
IDN,PER,False,0.097135652350334,0.24476363522011013
IDN,PHL,False,0.0312903637988641,0.3193183614272481
IDN,ROU,False,0.064505445024926,1.0188818547630092
IDN,RUS,False,0.0651242148028624,1.1123665442108805
IDN,SRB,False,0.0913336838677329,0.5131448158285128
IDN,THA,False,0.0430573921840649,0.5319819166372728
IDN,TUR,False,0.0496128503582259,0.8509953993602686
IDN,UKR,False,0.0821500108197215,0.33135239455059207
IDN,USA,False,0.0906042782778182,1.7287243281370088
IDN,VEN,False,0.096495848965697,
IDN,VNM,False,0.064886487009118,0.12933545548194303
IDN,ZWE,False,0.0427152423233394,0.8266073948647925
IND,IRN,False,0.0280810990718498,0.7801697590043819
IND,IRQ,False,0.0638810858211795,0.7156463666957169
IND,JOR,False,0.0616565673818957,0.37109923562146285
IND,JPN,False,0.094760574818267,1.8612983994582528
IND,KAZ,False,0.0326617639939958,1.5022748540950168
IND,KEN,False,0.0349240127836359,0.3672932835073599
IND,KOR,False,0.0507070770907134,1.9030777420526626
IND,MAR,False,0.0514150349909495,0.17632332646222082
IND,MEX,False,0.0806566593585072,1.1210410144179477
IND,NGA,False,0.0392199284081276,0.18522961274125294
IND,NIC,False,0.0647868185835425,0.0016717809661699334
IND,NLD,False,0.0851948489939273,2.2264563381504097
IND,PAK,False,0.022804910356272,0.3419575586446193
IND,PER,False,0.1117848654922387,0.7569993934919488
IND,PHL,False,0.0354522769011267,0.19291739684459053
IND,ROU,False,0.0656808978103558,1.5311176130348478
IND,RUS,False,0.0513281248074442,1.6246023024827192
IND,SRB,False,0.0713943260135961,1.0253805741003514
IND,THA,False,0.0201418380953636,1.0442176749091114
IND,TUR,False,0.0393234077136337,1.3632311576321072
IND,UKR,False,0.0640132902945122,0.8435881528224307
IND,USA,False,0.0634093078960407,2.2409600864088475
IND,VEN,False,0.087398918814207,
IND,VNM,False,0.0374455875892744,0.3829003027898956
IND,ZWE,False,0.0410458850234124,0.31437163659295386
IRN,IRQ,False,0.0577724940439205,0.064523392308665
IRN,JOR,False,0.0386649257194681,0.40907052338291905
IRN,JPN,False,0.0643267847649153,1.081128640453871
IRN,KAZ,False,0.0415114149690934,0.7221050950906349
IRN,KEN,False,0.0468211710433982,1.1474630425117418
IRN,KOR,False,0.0473162351354102,1.1229079830482807
IRN,MAR,False,0.0431865898944908,0.6038464325421611
IRN,MEX,False,0.0793374583376931,0.3408712554135658
IRN,NGA,False,0.0573511207709294,0.594940146263129
IRN,NIC,False,0.0731294707585526,0.7818415399705518
IRN,NLD,False,0.0983096762259243,1.4462865791460278
IRN,PAK,False,0.0482195486940605,1.1221273176490012
IRN,PER,False,0.0996203387070387,0.023170365512433122
IRN,PHL,False,0.0487933292049626,0.5872523621597914
IRN,ROU,False,0.0624637785137648,0.7509478540304659
IRN,RUS,False,0.0422916580604957,0.8444325434783373
IRN,SRB,False,0.0520354376631218,0.24521081509596954
IRN,THA,False,0.0308726280557618,0.26404791590472954
IRN,TUR,False,0.0451764244753805,0.5830613986277253
IRN,UKR,False,0.0528843259188097,0.06341839381804881
IRN,USA,False,0.0478112058112827,1.4607903274044656
IRN,VEN,False,0.0731437858233024,
IRN,VNM,False,0.0436853206004691,0.3972694562144863
IRN,ZWE,False,0.0430179873447778,1.0945413955973358
IRQ,JOR,False,0.0553578957976183,0.34454713107425405
IRQ,JPN,False,0.0857963321768504,1.145652032762536
IRQ,KAZ,False,0.0718031085573222,0.7866284873992999
IRQ,KEN,False,0.0521725863722766,1.0829396502030768
IRQ,KOR,False,0.0567390345151186,1.1874313753569457
IRQ,MAR,False,0.0419659498492709,0.5393230402334961
IRQ,MEX,False,0.0466600786454601,0.40539464772223077
IRQ,NGA,False,0.0642209238214096,0.530416753954464
IRQ,NIC,False,0.0509405063629979,0.7173181476618868
IRQ,NLD,False,0.0904794900080065,1.5108099714546928
IRQ,PAK,False,0.0680762326897939,1.0576039253403362
IRQ,PER,False,0.0691906236042081,0.04135302679623187
IRQ,PHL,False,0.0862052216148605,0.5227289698511264
IRQ,ROU,False,0.0586072353917438,0.8154712463391309
IRQ,RUS,False,0.0488402674852315,0.9089559357870023
IRQ,SRB,False,0.0341710341924935,0.30973420740463453
IRQ,THA,False,0.0555400222691807,0.32857130821339453
IRQ,TUR,True,0.0677390354430251,0.6475847909363903
IRQ,UKR,False,0.038857080686987,0.1279417861267138
IRQ,USA,False,0.0513413290455349,1.5253137197131306
IRQ,VEN,False,0.0389124317630764,
IRQ,VNM,False,0.0985091436818475,0.3327460639058213
IRQ,ZWE,False,0.049007898066192,1.0300180032886708
JOR,JPN,False,0.0728812376603391,1.49019916383679
JOR,KAZ,False,0.0533148426750581,1.131175618473554
JOR,KEN,False,0.0639401892284676,0.7383925191288228
JOR,KOR,False,0.0552374640096592,1.5319785064311997
JOR,MAR,False,0.0454291059577571,0.19477590915924203
JOR,MEX,False,0.0763661847983529,0.7499417787964848
JOR,NGA,False,0.0594590136285054,0.18586962288020992
JOR,NIC,False,0.0769298436665472,0.3727710165876328
JOR,NLD,False,0.087768138930795,1.8553571025289468
JOR,PAK,False,0.0600800051406825,0.7130567942660822
JOR,PER,False,0.0827761225959653,0.3859001578704859
JOR,PHL,False,0.0697577061575633,0.17818183877687233
JOR,ROU,False,0.0454095309640796,1.160018377413385
JOR,RUS,False,0.0468045089524275,1.2535030668612563
JOR,SRB,False,0.0447999764478313,0.6542813384788886
JOR,THA,False,0.0618346794314069,0.6731184392876486
JOR,TUR,False,0.0501364860979086,0.9921319220106444
JOR,UKR,False,0.0522231921633679,0.47248891720096786
JOR,USA,False,0.052469642717747,1.8698608507873846
JOR,VEN,False,0.0668611138863113,
JOR,VNM,False,0.0681527840770426,0.011801067168432766
JOR,ZWE,False,0.0531617144985053,0.6854708722144167
JPN,KAZ,False,0.0783612524453331,0.359023545363236
JPN,KEN,False,0.0964588809032164,2.2285916829656127
JPN,KOR,False,0.0567514808509815,0.04177934259440974
JPN,MAR,False,0.0668314274579931,1.684975072996032
JPN,MEX,False,0.1048764445997107,0.7402573850403051
JPN,NGA,False,0.1001964983515526,1.6760687867169999
JPN,NIC,False,0.1051663591012121,1.8629701804244228
JPN,NLD,False,0.0901271161472786,0.36515793869215685
JPN,PAK,False,0.0829675174815752,2.203255958102872
JPN,PER,False,0.117992336453153,1.104299005966304
JPN,PHL,False,0.1183648843975829,1.6683810026136623
JPN,ROU,False,0.0744930175240676,0.330180786423405
JPN,RUS,False,0.0623227879904096,0.23669609697553362
JPN,SRB,False,0.0672436663880549,0.8359178253579014
JPN,THA,False,0.0624899165750429,0.8170807245491414
JPN,TUR,False,0.0576316626870144,0.4980672418261456
JPN,UKR,False,0.0801216143810784,1.017710246635822
JPN,USA,False,0.0655703635268227,0.37966168695059466
JPN,VEN,False,0.0880378859935276,
JPN,VNM,False,0.1202307640655913,1.4783980966683572
JPN,ZWE,False,0.0801588229165606,2.1756700360512067
KAZ,KEN,False,0.0449952622495858,1.8695681376023767
KAZ,KOR,False,0.0280946881358849,0.40080288795764574
KAZ,MAR,False,0.0451762528513173,1.325951527632796
KAZ,MEX,False,0.0634450379556758,0.38123383967706914
KAZ,NGA,False,0.0486998198309124,1.3170452413537639
KAZ,NIC,False,0.0607559670599599,1.5039466350611868
KAZ,NLD,False,0.0842802106816649,0.7241814840553928
KAZ,PAK,False,0.0357346677092584,1.8442324127396361
KAZ,PER,False,0.0936372134921218,0.745275460603068
KAZ,PHL,False,0.0292331797173608,1.3093574572504263
KAZ,ROU,False,0.0525450505021721,0.028842758939831015
KAZ,RUS,False,0.0174396837440258,0.12232744838770238
KAZ,SRB,False,0.0452156838281207,0.4768942799946654
KAZ,THA,False,0.0337656179797589,0.4580571791859054
KAZ,TUR,False,0.0235541237626992,0.1390436964629096
KAZ,UKR,False,0.0428079919061118,0.6586867012725861
KAZ,USA,False,0.0602808410938968,0.7386852323138307
KAZ,VEN,True,0.0719051428619837,
KAZ,VNM,False,0.03121820850483,1.1193745513051212
KAZ,ZWE,False,0.0462606118419559,1.8166464906879707
KEN,KOR,False,0.048268450527088,2.2703710255600225
KEN,MAR,False,0.0271779836512135,0.5436166099695807
KEN,MEX,False,0.0490236415032109,1.4883342979253076
KEN,NGA,False,0.022847787556914,0.5525228962486128
KEN,NIC,False,0.0431809923522701,0.36562150254118997
KEN,NLD,False,0.1050922003281942,2.5937496216577696
KEN,PAK,False,0.0380725759011337,0.025335724862740605
KEN,PER,False,0.0768882835079828,1.1242926769993087
KEN,PHL,False,0.0471469745770641,0.5602106803519504
KEN,ROU,False,0.0535456092422658,1.8984108965422077
KEN,RUS,False,0.0461089670912864,1.991895585990079
KEN,SRB,False,0.0452796938494229,1.3926738576077113
KEN,THA,False,0.0332620783175538,1.4115109584164713
KEN,TUR,False,0.0625741647491511,1.7305244411394671
KEN,UKR,False,0.0440996347071171,1.2108814363297906
KEN,USA,False,0.0498592308430427,2.6082533699162074
KEN,VEN,False,0.0570350920474232,
KEN,VNM,False,0.0766389961450477,0.7501935862972555
KEN,ZWE,True,0.023206300053973,0.05292164691440604
KOR,MAR,False,0.0263969846880993,1.7267544155904417
KOR,MEX,False,0.0541058366213499,0.7820367276347149
KOR,NGA,False,0.0526619916672779,1.7178481293114096
KOR,NIC,False,0.0571629357705691,1.9047495230188325
KOR,NLD,False,0.0818370239615275,0.3233785960977471
KOR,PAK,False,0.0383225073485514,2.245035300697282
KOR,PER,False,0.0837435904229288,1.1460783485607138
KOR,PHL,False,0.0700041546079806,1.710160345208072
KOR,ROU,False,0.0443011072375797,0.3719601290178147
KOR,RUS,False,0.0150033225432292,0.27847543956994336
KOR,SRB,False,0.0333234577028824,0.8776971679523111
KOR,THA,False,0.026162091984525,0.8588600671435511
KOR,TUR,False,0.0324801385205702,0.5398465844205553
KOR,UKR,False,0.0300301523578156,1.0594895892302318
KOR,USA,False,0.0554380458455405,0.3378823443561849
KOR,VEN,False,0.0569531408044553,
KOR,VNM,False,0.0794496854377439,1.520177439262767
KOR,ZWE,False,0.0519861251093967,2.2174493786456164
MAR,MEX,False,0.0283330958532779,0.9447176879557269
MAR,NGA,False,0.0287084276904409,0.008906286279032116
MAR,NIC,False,0.0299933576884459,0.17799510742839075
MAR,NLD,False,0.0854763797295369,2.050133011688189
MAR,PAK,False,0.0343123307989262,0.5182808851068401
MAR,PER,False,0.0468662040247249,0.580676067029728
MAR,PHL,False,0.0672445745457752,0.016594070382369708
MAR,ROU,False,0.0251225183083418,1.354794286572627
MAR,RUS,False,0.0302463672707866,1.4482789760204984
MAR,SRB,False,0.0231004558323849,0.8490572476381306
MAR,THA,False,0.0345420558433692,0.8678943484468906
MAR,TUR,False,0.0494975127550663,1.1869078311698864
MAR,UKR,False,0.0228593976285184,0.6672648263602099
MAR,USA,False,0.039009393344986,2.0646367599466267
MAR,VEN,False,0.0327206836479372,
MAR,VNM,False,0.0810136456233539,0.2065769763276748
MAR,ZWE,False,0.0346171673591491,0.4906949630551747
MEX,NGA,False,0.0492565021597032,0.9358114016766947
MEX,NIC,False,0.0134821040939732,1.1227127953841176
MEX,NLD,False,0.1148353166073052,1.105415323732462
MEX,PAK,False,0.0619008222862632,1.462998573062567
MEX,PER,False,0.0179729922694819,0.3640416209259989
MEX,PHL,False,0.0850096693750993,0.9281236175733572
MEX,ROU,True,0.0330918379269685,0.41007659861690016
MEX,RUS,True,0.0415924387677216,0.5035612880647715
MEX,SRB,False,0.0326305948646559,0.09566044031759624
MEX,THA,False,0.0703834978381976,0.07682333950883624
MEX,TUR,False,0.0789691752261,0.24219014321415955
MEX,UKR,False,0.0292799831295636,0.27745286159551696
MEX,USA,False,0.0707884963731933,1.1199190719908998
MEX,VEN,False,0.0172299162889647,
MEX,VNM,False,0.1070340322458631,0.7381407116280521
MEX,ZWE,False,0.0567476713543479,1.4354126510109015
NGA,NIC,False,0.0341415386033958,0.18690139370742287
NGA,NLD,False,0.0953811061441856,2.0412267254091567
NGA,PAK,True,0.0244215012529931,0.5271871713858722
NGA,PER,True,0.0622037664054722,0.5717697807506958
NGA,PHL,False,0.0680247512435339,0.0076877841033375915
NGA,ROU,False,0.0318479620536255,1.345888000293595
NGA,RUS,False,0.0513570029710563,1.4393726897414663
NGA,SRB,False,0.0510775707463204,0.8401509613590985
NGA,THA,False,0.0387909575705444,0.8589880621678585
NGA,TUR,False,0.0513552226069594,1.1780015448908543
NGA,UKR,False,0.0415729943967951,0.6583585400811778
NGA,USA,False,0.0637078621130005,2.0557304736675945
NGA,VEN,False,0.0374115765743868,
NGA,VNM,False,0.0929743767419755,0.19767069004864268
NGA,ZWE,False,0.018668294784071,0.4996012493342068
NIC,NLD,False,0.1146745709028402,2.2281281191165796
NIC,PAK,False,0.0517230112027002,0.34028577767844936
NIC,PER,False,0.0256993606383019,0.7586711744581187
NIC,PHL,False,0.0812108387129667,0.19458917781076046
NIC,ROU,False,0.0267405567782943,1.5327893940010178
NIC,RUS,False,0.0477397958455992,1.6262740834488891
NIC,SRB,False,0.0450619000292601,1.0270523550665214
NIC,THA,False,0.0610259374702931,1.0458894558752814
NIC,TUR,False,0.0732436299860776,1.3649029385982772
NIC,UKR,False,0.043858473568687,0.8452599337886006
NIC,USA,False,0.0779913806720916,2.2426318673750174
NIC,VEN,False,0.0208026714632822,
NIC,VNM,False,0.1047050363758437,0.38457208375606555
NIC,ZWE,False,0.0382124611185174,0.31269985562678393
NLD,PAK,False,0.078180092623097,2.568413896795029
NLD,PER,False,0.145470102297199,1.4694569446584609
NLD,PHL,False,0.1239284263230986,2.033538941305819
NLD,ROU,False,0.0949608584285015,0.6953387251155618
NLD,RUS,False,0.0800919191234469,0.6018540356676905
NLD,SRB,False,0.0752032029249503,1.2010757640500582
NLD,THA,False,0.0685827649915404,1.1822386632412982
NLD,TUR,False,0.0683953756196413,0.8632251805183024
NLD,UKR,False,0.0811134918589684,1.382868185327979
NLD,USA,False,0.0459097516735984,0.01450374825843781
NLD,VEN,False,0.1229853295888528,
NLD,VNM,False,0.1353860154776762,1.843556035360514
NLD,ZWE,False,0.0888114031356838,2.5408279747433635
PAK,PER,True,0.0816571790063997,1.098956952136568
PAK,PHL,False,0.0454636627039302,0.5348749554892098
PAK,ROU,False,0.0462091971281329,1.8730751716794671
PAK,RUS,False,0.0477967760435733,1.9665598611273385
PAK,SRB,False,0.0635790222943226,1.3673381327449707
PAK,THA,False,0.0268870499934704,1.3861752335537307
PAK,TUR,False,0.0407866118944206,1.7051887162767265
PAK,UKR,False,0.053543975482471,1.18554571146705
PAK,USA,False,0.0661704656993793,2.5829176450534668
PAK,VEN,False,0.0679563862332094,
PAK,VNM,False,0.0577584305423084,0.7248578614345149
PAK,ZWE,False,0.0459039337956603,0.027585922051665435
PER,PHL,False,0.1293222381078941,0.5640819966473583
PER,ROU,False,0.0279682742040033,0.774118219542899
PER,RUS,False,0.0684054385056076,0.8676029089907704
PER,SRB,False,0.0513698666707029,0.26838118060840266
PER,THA,False,0.0992732509280445,0.28721828141716266
PER,TUR,False,0.0966334662385411,0.6062317641401584
PER,UKR,False,0.0470108656504876,0.08658875933048193
PER,USA,False,0.1010183340616076,1.4839606929168987
PER,VEN,False,0.0281542204298991,
PER,VNM,False,0.1457770628523544,0.37409909070205316
PER,ZWE,False,0.068504025832992,1.0713710300849026
PHL,ROU,False,0.0945833245484135,1.3382002161902573
PHL,RUS,False,0.0514454225732428,1.4316849056381287
PHL,SRB,False,0.0783739408614806,0.8324631772557609
PHL,THA,False,0.0545414724420609,0.8513002780645209
PHL,TUR,False,0.0525516983961557,1.1703137607875167
PHL,UKR,False,0.0817334193695372,0.6506707559778402
PHL,USA,False,0.0854040061952477,2.048042689564257
PHL,VEN,False,0.1069913592161039,
PHL,VNM,False,0.0401718629515201,0.1899829059453051
PHL,ZWE,False,0.0611731446196258,0.5072890334375444
ROU,RUS,True,0.041281975884834,0.09348468944787136
ROU,SRB,False,0.0329377787090653,0.5057370389344964
ROU,THA,False,0.0591014720971611,0.4868999381257364
ROU,TUR,False,0.0534912980878112,0.1678864554027406
ROU,UKR,False,0.0327644493987328,0.6875294602124171
ROU,USA,False,0.0659372174395031,0.7098424733739996
ROU,VEN,False,0.0218992645052816,
ROU,VNM,False,0.0943095863932091,1.1482173102449522
ROU,ZWE,False,0.038134301405791,1.8454892496278017
RUS,SRB,False,0.0155986125244846,0.5992217283823678
RUS,THA,False,0.0382069208591423,0.5803846275736078
RUS,TUR,False,0.0356767554275624,0.26137114485061197
RUS,UKR,False,0.018138309069739,0.7810141496602885
RUS,USA,False,0.0506753179890657,0.6163577839261283
RUS,VEN,False,0.038525510055492,
RUS,VNM,False,0.0585387731189117,1.2417019996928236
RUS,ZWE,False,0.0484986266689526,1.938973939075673
SRB,THA,False,0.052541430473383,0.01883710080876
SRB,TUR,False,0.0581367771243346,0.3378505835317558
SRB,UKR,True,0.0092624219132207,0.18179242127792072
SRB,USA,False,0.0391238825511543,1.215579512308496
SRB,VEN,False,0.0261512708258686,
SRB,VNM,False,0.0909880445526876,0.6424802713104558
SRB,ZWE,False,0.045137961040079,1.3397522106933053
THA,TUR,False,0.0265811605370638,0.3190134827229958
THA,UKR,False,0.045709459550012,0.20062952208668072
THA,USA,False,0.0467815539366547,1.196742411499736
THA,VEN,False,0.0750308114114861,
THA,VNM,False,0.0667629152921606,0.6613173721192158
THA,ZWE,False,0.0338875865768315,1.3585893115020653
TUR,UKR,False,0.0553532032855929,0.5196430048096765
TUR,USA,False,0.061899654375083,0.8777289287767402
TUR,VEN,False,0.0780480731353154,
TUR,VNM,False,0.0567488541860612,0.9803308548422116
TUR,ZWE,False,0.0465536288448223,1.677602794225061
UKR,USA,False,0.0433714414321839,1.3973719335864168
UKR,VEN,False,0.0232243343477708,
UKR,VNM,False,0.0911011146018493,0.4606878500325351
UKR,ZWE,False,0.0453146670005469,1.1579597894153846
USA,VEN,False,0.0803348866444792,
USA,VNM,False,0.0918873860115324,1.8580597836189519
USA,ZWE,False,0.0515514349402456,2.5553317230018013
VEN,VNM,False,0.1223249480169995,
VEN,ZWE,False,0.0453967637388799,
VNM,ZWE,False,0.0810518122913346,0.6972719393828495
