model,eval_country,gps_dimension,z,bias_base,bias_adapter,movement,shrunk,z_aligned
BRA_adapter,BRA,altruism,0.46435976,0.9584767746366586,0.09010227654591572,-0.8683744980907429,True,False
BRA_adapter,BRA,negrecip,-0.20162958,0.5817178107401971,-0.13016102056130635,-0.7118788313015034,True,True
BRA_adapter,BRA,patience,-0.2600402,-0.35020279897380974,-0.44685210713948564,-0.0966493081656759,False,True
BRA_adapter,BRA,posrecip,0.3512382,-0.2871581833593977,-0.2289939032599425,0.05816428009945518,True,True
BRA_adapter,BRA,risktaking,-0.2505968,1.2238643906880302,0.9794640693769165,-0.24440032131111367,True,True
BRA_adapter,BRA,trust,-0.0026891388,-0.5059961849759279,-0.33341154011743335,0.17258464485849456,True,False
EGY_adapter,EGY,altruism,0.63414615,1.0430462957227382,0.9476940274274317,-0.09535226829530652,True,False
EGY_adapter,EGY,negrecip,0.034835815,0.15575550164455998,-0.3874058400576257,-0.5431613417021857,False,False
EGY_adapter,EGY,patience,-0.3831945,-0.22881114590324236,-0.23121403681131497,-0.002402890908072608,False,True
EGY_adapter,EGY,posrecip,0.5699845,-0.3322108852326935,-0.38779478311978133,-0.05558389788708784,False,False
EGY_adapter,EGY,risktaking,-0.2808962,1.2152123184568695,1.1024344339069752,-0.11277788454989435,True,True
EGY_adapter,EGY,trust,0.6090209,-0.30407748496680104,-0.39138824670525385,-0.08731076173845281,False,False
GRC_adapter,GRC,altruism,-0.17281643,1.020633636162657,-0.015468156527306466,-1.0361017926899634,True,True
GRC_adapter,GRC,negrecip,0.429323,0.9432615439545327,0.42885158374021337,-0.5144099602143193,True,False
GRC_adapter,GRC,patience,-0.3600854,-0.06410464239731617,-0.11629352361613304,-0.052188881218816874,False,True
GRC_adapter,GRC,posrecip,-0.04377335,-0.49863016080047784,-0.12951597958061267,0.36911418121986517,True,False
GRC_adapter,GRC,risktaking,-0.15707357,1.3871712982509679,0.9907559476948489,-0.396415350556119,True,True
GRC_adapter,GRC,trust,-0.3515055,-0.41106203662156027,0.17058877742990564,0.5816508140514659,True,False
IDN_adapter,IDN,altruism,0.10292665,0.5948173200243428,0.4981829245146951,-0.09663439550964775,True,False
IDN_adapter,IDN,negrecip,0.15127298,0.341807575506672,-0.20989301329853693,-0.5517005888052089,True,False
IDN_adapter,IDN,patience,-0.3618209,-0.442458091313533,-0.44493304149285834,-0.0024749501793253637,False,True
IDN_adapter,IDN,posrecip,0.14521286,-0.11023125959794078,-0.16588733119676258,-0.0556560715988218,False,False
IDN_adapter,IDN,risktaking,-0.3216432,0.36051082325564066,0.2501774196596429,-0.11033340359599775,True,True
IDN_adapter,IDN,trust,0.26359722,-0.17074448362833292,-0.23760835913108233,-0.06686387550274941,False,False
IND_adapter,IND,altruism,-0.26762176,0.5640969472622003,-0.4862083538416475,-1.050305301103848,True,True
IND_adapter,IND,negrecip,0.07119843,-0.16094725579756575,-0.6719282222436345,-0.5109809664460687,False,False
IND_adapter,IND,patience,-0.108732834,-0.4497609517699244,-0.48534250991886735,-0.03558155814894293,False,True
IND_adapter,IND,posrecip,-0.4538296,-0.25773674554872117,0.13199077577973162,0.3897275213284528,True,False
IND_adapter,IND,risktaking,-0.2752474,0.3110174667361041,-0.04401247287221677,-0.35502993960832085,True,True
IND_adapter,IND,trust,-0.20398138,0.02247695453845716,0.6509113369486487,0.6284343824101914,False,False
NGA_adapter,NGA,altruism,-0.14435506,0.710022806249753,0.7822588143444325,0.07223600809467945,False,False
NGA_adapter,NGA,negrecip,0.17650473,0.8477999734888471,1.5738872634804317,0.7260872899915847,False,True
NGA_adapter,NGA,patience,-0.20041943,-0.05525895156650179,-0.13814076553396032,-0.08288181396745853,False,True
NGA_adapter,NGA,posrecip,-0.37476322,-0.21723497626889254,-0.12153998978266567,0.09569498648622687,True,False
NGA_adapter,NGA,risktaking,0.3859835,0.6100746510261609,0.6619375481874076,0.0518628971612467,False,True
NGA_adapter,NGA,trust,-0.057804402,-0.3544673101616203,-0.22068009225825538,0.13378721790336492,True,False
NLD_adapter,NLD,altruism,-0.19006243,0.9498617638891753,1.569154813066018,0.6192930491768427,False,False
NLD_adapter,NLD,negrecip,0.41444093,0.7162419090721601,2.2234898551894826,1.5072479461173225,False,True
NLD_adapter,NLD,patience,0.9517078,-0.5718019360325866,-0.46788336852697077,0.10391856750561579,True,True
NLD_adapter,NLD,posrecip,-0.14840142,-0.3416260893150149,-0.3800146030316226,-0.038388513716607675,False,True
NLD_adapter,NLD,risktaking,0.18932624,1.2122832825152363,1.3080934427176394,0.09581016020240307,False,True
NLD_adapter,NLD,trust,0.29805693,-0.02119972285345149,-0.10139662183413302,-0.08019689898068152,False,False
TUR_adapter,TUR,altruism,-0.27897453,1.015041266233622,1.3269858005018538,0.3119445342682319,False,False
TUR_adapter,TUR,negrecip,0.51675504,0.5485134564742601,1.1948025567799594,0.6462891003056993,False,True
TUR_adapter,TUR,patience,-0.0473989,-0.18119534823509886,-0.14620744908173167,0.0349878991533672,True,False
TUR_adapter,TUR,posrecip,-0.44317982,-0.3364988362547249,-0.3817033066767158,-0.04520447042199094,False,True
TUR_adapter,TUR,risktaking,0.023427222,1.0337522333030784,1.0318751968048367,-0.0018770364982416687,True,False
TUR_adapter,TUR,trust,0.12911025,-0.11986941649795557,-0.22885705758755878,-0.10898764108960321,False,False
ARG_adapter,ARG,altruism,0.027346682,0.9694616716995128,1.5233706309273523,0.5539089592278394,False,True
ARG_adapter,ARG,negrecip,-0.14045727,-0.14391851371571884,0.964298842568223,1.1082173562839417,False,False
ARG_adapter,ARG,patience,-0.22930798,-0.3793758097408762,-0.4238071443031135,-0.0444313345622373,False,True
ARG_adapter,ARG,posrecip,0.15967931,-0.22326630731875163,-0.2664829924552463,-0.04321668513649468,False,False
ARG_adapter,ARG,risktaking,0.04150317,0.6987214553978428,0.5223319423803953,-0.17638951301744754,True,False
ARG_adapter,ARG,trust,-0.20673333,-0.3295430754038212,-0.3494713573047397,-0.0199282819009185,False,True
CHN_adapter,CHN,altruism,0.5048251,1.006376625781299,0.8293261429676511,-0.17705048281364788,True,False
CHN_adapter,CHN,negrecip,0.025847053,-0.19271659914242056,-1.1321226613725008,-0.9394060622300803,False,False
CHN_adapter,CHN,patience,0.39810467,-0.48775229197552644,-0.45836345464953404,0.0293888373259924,True,True
CHN_adapter,CHN,posrecip,0.4793372,-0.23663167382650874,-0.32551113239682006,-0.08887945857031132,False,False
CHN_adapter,CHN,risktaking,-0.019810122,1.5156230311764989,1.2048599860852984,-0.31076304509120045,True,True
CHN_adapter,CHN,trust,0.5528058,-0.05013169039677053,-0.15816066549473007,-0.10802897509795953,False,False
DEU_adapter,DEU,altruism,-0.051002067,0.9006152781826883,-0.005216761090476256,-0.9058320392731646,True,True
DEU_adapter,DEU,negrecip,-0.29426524,0.7908755425257801,0.6041350271884309,-0.18674051533734914,True,True
DEU_adapter,DEU,patience,0.6243982,-0.5224263891660196,-0.5496370428334897,-0.02721065366747011,False,False
DEU_adapter,DEU,posrecip,-0.07986503,-0.17849294364832902,-0.09791466938037507,0.08057827426795394,True,False
DEU_adapter,DEU,risktaking,-0.044485882,1.4660886777442799,1.4386219536657527,-0.027466724078527127,True,True
DEU_adapter,DEU,trust,-0.11882253,-0.08434634300976902,0.06372828300119408,0.1480746260109631,True,False
GBR_adapter,GBR,altruism,0.028450366,0.8019148226404685,1.598711539788176,0.7967967171477074,False,True
GBR_adapter,GBR,negrecip,0.024550388,0.14660304751810888,0.6508217842423851,0.5042187367242763,False,True
GBR_adapter,GBR,patience,0.5350247,-0.40423839263874844,-0.29091475059802857,0.11332364204071987,True,True
GBR_adapter,GBR,posrecip,-0.038331732,-0.137259800387187,-0.22515720849794219,-0.08789740811075519,False,True
GBR_adapter,GBR,risktaking,0.04868467,1.1995625170575446,1.128394273938077,-0.07116824311946757,True,False
GBR_adapter,GBR,trust,0.23470205,-0.06985831536453845,-0.1960516011070017,-0.12619328574246325,False,False
JPN_adapter,JPN,altruism,-0.24104115,1.0240074782248092,0.1955664983626184,-0.8284409798621908,True,True
JPN_adapter,JPN,negrecip,0.22034328,0.062069163865454524,-0.30848723020541735,-0.3705563940708719,False,False
JPN_adapter,JPN,patience,0.108412586,-0.3064724287512499,-0.4005697023434888,-0.0940972735922389,False,False
JPN_adapter,JPN,posrecip,-0.23702188,-0.4966998531680228,-0.2928083759576582,0.2038914772103646,True,False
JPN_adapter,JPN,risktaking,-0.3558383,1.7567316879567774,1.6018741671648995,-0.15485752079187787,True,True
JPN_adapter,JPN,trust,-0.5187299,-0.3359009774833523,-0.0017217545666083727,0.3341792229167439,True,False
RUS_adapter,RUS,altruism,-0.06924083,1.0342151813891152,-0.02885496846616033,-1.0630701498552755,True,True
RUS_adapter,RUS,negrecip,-0.15547128,-0.5169162840418955,-0.8680222499623287,-0.3511059659204332,False,True
RUS_adapter,RUS,patience,-0.07527795,-0.15298458056750214,-0.22518107567462364,-0.0721964951071215,False,True
RUS_adapter,RUS,posrecip,-0.09340507,-0.4492159452911274,-0.13455280276817594,0.31466314252295147,True,False
RUS_adapter,RUS,risktaking,-0.3233624,-0.03496437711688616,-0.2055800169903821,-0.17061563987349593,False,True
RUS_adapter,RUS,trust,-0.15077487,-0.26886783715829315,0.06663318509324478,0.33550102225153794,True,False
MEX_adapter,MEX,altruism,-0.8130887,0.8053730584166701,-0.20683242257469822,-1.0122054809913683,True,True
MEX_adapter,MEX,negrecip,-0.11464946,-0.5581656189797108,-0.5070857483684316,0.05107987061127928,True,False
MEX_adapter,MEX,patience,-0.108428106,-0.5036597003363487,-0.5528506457568425,-0.04919094542049385,False,True
MEX_adapter,MEX,posrecip,-1.0379812,-0.4301954291616513,-0.2651339829790593,0.165061446182592,True,False
MEX_adapter,MEX,risktaking,-0.13891679,0.4728248082546471,0.3895689479608815,-0.08325586029376564,True,True
MEX_adapter,MEX,trust,-0.3570721,-0.6704703868290752,-0.4698387341895987,0.20063165263947652,True,False
USA_adapter,USA,altruism,0.40642887,0.719019485872189,0.830496980518169,0.11147749464598,False,True
USA_adapter,USA,negrecip,0.011553643,-0.2856351875784077,1.7873078368379145,2.0729430244163223,False,True
USA_adapter,USA,patience,0.81126213,-0.322813525766376,-0.2884923223800713,0.03432120338630473,True,True
USA_adapter,USA,posrecip,0.20365003,-0.26560298446840047,-0.26291886901877903,0.002684115449621438,True,True
USA_adapter,USA,risktaking,0.1165868,1.8147848750273237,1.8089622906851548,-0.005822584342168868,True,False
USA_adapter,USA,trust,0.15036696,-0.1784959381107182,-0.22628667172280045,-0.04779073361208225,False,False
