iso3,year,gdp_pc_ppp,gini,agri_empl
ABW,2015,36753.4041726178,,
ABW,2016,36926.1130685729,,
ABW,2017,38213.2892388309,,
ABW,2018,39378.2284109047,,
ABW,2019,39754.5600722149,,
AFE,2015,4207.36357863407,,58.5859877415178
AFE,2016,4210.93569503277,,58.1216366931965
AFE,2017,4223.1880503424,,57.5735372731434
AFE,2018,4229.83963374442,,56.6957898855092
AFE,2019,4200.53104400094,,55.8302172983627
AFG,2015,2967.692067153,,43.6487408597973
AFG,2016,2958.7853992308,,43.4117237317358
AFG,2017,2952.99891598909,,43.0029679081655
AFG,2018,2902.39211285546,,43.6069134634231
AFG,2019,2927.2451435353,,43.8771686940085
AFW,2015,6194.43449404851,,46.0687588023258
AFW,2016,6034.82698886686,,46.0722852144446
AFW,2017,6009.51611369801,,45.3495940284351
AFW,2018,6026.52757172836,,44.621073399832
AFW,2019,6070.28476944465,,43.6689529148668
AGO,2015,11389.7609549481,,52.7002102229648
AGO,2016,10963.9967887173,,52.9213208559868
AGO,2017,10565.1676483607,,53.0089425135627
AGO,2018,10154.8389228005,51.3,53.3091413100302
AGO,2019,9712.97944927269,,53.423323354571
ALB,2015,13876.7616296598,32.8,41.0919423057676
ALB,2016,14643.4285614716,33.7,39.6775824191201
ALB,2017,15359.3974577025,33.1,37.8115928363115
ALB,2018,16170.9234325287,30.1,37.0599551709775
ALB,2019,16761.1230178682,30.1,36.2351325540832
AND,2015,62105.1542389675,,
AND,2016,64402.8092369468,,
AND,2017,63239.6577711911,,
AND,2018,63048.5985572834,,
AND,2019,63215.899791913,,
ARB,2015,16397.4908780979,,18.6097197387369
ARB,2016,16632.4297723251,,18.0347373484351
ARB,2017,16568.8021684707,,17.9287859681384
ARB,2018,16749.8977688889,,16.9458307744665
ARB,2019,16808.651930358,,16.691290343826
ARE,2015,75238.5571858454,,2.78072930992053
ARE,2016,75671.036861385,,2.7199830802151
ARE,2017,72529.0423512365,,2.67812141806151
ARE,2018,72671.0787288764,26.4,2.63333424128417
ARE,2019,72822.9466438922,,2.58611467473211
ARG,2015,28669.2061336796,,7.97810861263688
ARG,2016,27802.1057201498,42.3,7.93976871110963
ARG,2017,28334.904184742,41.4,7.76779997823827
ARG,2018,27367.115094108,41.7,7.72421488276846
ARG,2019,26629.5529419501,43.3,7.61304714991947
ARM,2015,13112.7600902915,32.4,35.3288010836507
ARM,2016,13192.9940731731,32.5,33.5987515971242
ARM,2017,14243.8749003795,33.6,31.34359798323
ARM,2018,15037.0452420712,34.4,32.786395040351
ARM,2019,16215.3607965094,30.0,30.5863217690375
ATG,2015,25734.1516444171,,
ATG,2016,26627.71453894,,
ATG,2017,27199.1952402262,,
ATG,2018,28878.6067675471,,
ATG,2019,29651.8641526705,,
AUS,2015,55879.9958817103,,2.63650803423428
AUS,2016,56529.951824687,33.7,2.61998324165225
AUS,2017,56881.8569859104,,2.59605335120917
AUS,2018,57647.8455068105,34.3,2.61685053200616
AUS,2019,58048.6188420831,,2.55829744516573
AUT,2015,60951.6037273662,30.5,4.53100586483607
AUT,2016,61572.6257402404,30.8,4.34816137863786
AUT,2017,62535.8105711345,29.7,3.92985296138965
AUT,2018,63777.9362157476,30.8,3.69410892077711
AUT,2019,64609.2836396895,30.2,3.65613992670062
AZE,2015,20678.7539572375,,36.3558524226085
AZE,2016,19822.4105943941,,36.3368932341397
AZE,2017,19659.0048562768,,36.3506388833822
AZE,2018,19781.8509058437,,36.2613565467275
AZE,2019,20101.491875147,,35.9495205782749
BDI,2015,992.28580552029,,86.4139199438273
BDI,2016,1006.55907385999,,86.3185344552209
BDI,2017,1020.8498275719,,86.3098493789793
BDI,2018,1043.40558434036,,85.7271812254413
BDI,2019,1054.72592734898,,85.037534800998
BEL,2015,57509.0245728704,27.7,1.17652617859345
BEL,2016,57901.497690315,27.6,1.25134460761102
BEL,2017,58529.3302957537,27.4,1.17852530515845
BEL,2018,59357.6896884396,27.2,0.862860776670702
BEL,2019,60479.9769955469,27.2,1.08145129137307
BEN,2015,2952.00218338705,47.6,43.1917046345585
BEN,2016,2962.66381572265,,43.3256529870326
BEN,2017,3041.77929984989,,42.9445886542896
BEN,2018,3155.4510650627,37.9,42.3163727552176
BEN,2019,3281.10470051465,,41.9865160039013
BFA,2015,2101.70266192027,,57.6106551982306
BFA,2016,2162.72578977814,,56.1607711907331
BFA,2017,2232.28781490944,,54.5825993907749
BFA,2018,2316.39432079045,43.0,53.0356069665737
BFA,2019,2391.53626844484,,51.5701324352258
BGD,2015,5352.71133299566,,43.542342342038
BGD,2016,5682.53553494306,32.4,42.6647464152912
BGD,2017,6005.70718781048,,40.5973044110147
BGD,2018,6392.59334024091,,40.7657978851531
BGD,2019,6838.32611608243,,40.84013231722
BGR,2015,24562.648880929,38.6,6.80641139967944
BGR,2016,25636.7443903478,40.6,6.9006563820887
BGR,2017,26691.758001902,40.4,7.19002440372406
BGR,2018,27690.893655005,41.3,6.71485377864172
BGR,2019,29149.921509976,40.3,6.78847141688132
BHR,2015,54149.9131524721,,1.07451685159139
BHR,2016,54107.0752236423,,1.04493207941484
BHR,2017,53859.7749589601,,1.02005540635245
BHR,2018,54893.0724411368,,0.993353468665851
BHR,2019,56749.9628370612,,0.963344658136244
BHS,2015,32777.5849410742,,1.88008207310586
BHS,2016,32172.3365152976,,1.58535662960442
BHS,2017,33050.0350128611,,1.31296091001109
BHS,2018,33650.2164350935,,1.09058280554217
BHS,2019,33202.4902105068,,0.911046438061496
BIH,2015,14220.0900038037,32.9,18.9793902788915
BIH,2016,14873.6411107879,,19.0488180646494
BIH,2017,15554.6587430766,,19.9970302252281
BIH,2018,16348.9997145353,,16.7346185366321
BIH,2019,17029.2971980343,,19.0404119903467
BLR,2015,25513.2132958317,25.6,9.73828547459337
BLR,2016,24846.8301529359,25.3,9.7382853989959
BLR,2017,25503.9809845207,25.4,10.6964599733844
BLR,2018,26363.4629778536,25.2,11.3147377559419
BLR,2019,26798.8206398076,25.3,11.0571052693771
BLZ,2015,12348.7944978311,,18.0820198075045
BLZ,2016,12063.0600374093,,18.561761532416
BLZ,2017,11572.3007931461,,17.4176185018736
BLZ,2018,11451.8979413877,39.9,17.4213821008228
BLZ,2019,11765.9748661176,,16.8604583830359
BMU,2015,93863.8483363419,,
BMU,2016,93269.0137558453,,
BMU,2017,96441.2718767256,,
BMU,2018,95643.2734055543,,
BMU,2019,95523.9623126026,,
BOL,2015,11144.6415720641,46.7,27.9913929784824
BOL,2016,11448.02180322,45.2,27.5245435383413
BOL,2017,11755.2556195885,44.6,28.2661150516845
BOL,2018,11920.3135079645,42.6,28.7570263173778
BOL,2019,11930.9159145918,41.6,25.1991880579003
BRA,2015,18357.0690617991,51.9,9.33239155729419
BRA,2016,17620.9272434136,53.4,9.79792938880965
BRA,2017,17724.4799577784,53.3,9.19143068916888
BRA,2018,17917.7492123359,53.9,9.05694322318805
BRA,2019,18018.6209151518,53.5,8.87727798547265
BRB,2015,19642.2322500219,,2.89027332095861
BRB,2016,19877.1120083968,34.1,2.86173727025336
BRB,2017,19966.3202405154,,3.10540524849048
BRB,2018,19877.6759569235,,3.09500333497666
BRB,2019,19890.455714094,,2.82767700409596
BRN,2015,81910.1882959493,,1.40279843974459
BRN,2016,78880.6228501768,,1.38015205064965
BRN,2017,78966.8643142346,,1.35853484596359
BRN,2018,78099.0507802561,,1.06078162346131
BRN,2019,80228.1598170527,,1.95358268413174
BTN,2015,12400.2983237391,,57.9856546922361
BTN,2016,13320.9759036882,,56.5725497646088
BTN,2017,13482.3425280358,37.4,55.4526881846681
BTN,2018,13854.8543977158,,54.0002842532406
BTN,2019,14555.1884045845,,51.125905985782
BWA,2015,15994.9643042101,54.9,16.5333625807159
BWA,2016,16905.588740873,,15.9770563161921
BWA,2017,17352.8958451454,,15.5945488813922
BWA,2018,17825.018569213,,15.2742822204211
BWA,2019,18106.0105471124,,14.8886521327687
CAF,2015,1043.92171697157,,64.9199143238182
CAF,2016,1073.94477703739,,64.5362704614863
CAF,2017,1103.86609318724,,64.1499025108055
CAF,2018,1125.70091748228,,63.9355114938651
CAF,2019,1145.09563657752,,63.620639457259
CAN,2015,55660.8455840759,33.7,1.64394121632256
CAN,2016,55606.1329948184,32.7,1.94789240379432
CAN,2017,56612.3062191777,33.3,1.51620180760819
CAN,2018,57337.4682870033,32.5,1.51886551919167
CAN,2019,57583.8230739204,31.8,1.53796177745857
CEB,2015,32053.9753560909,,9.57876719001826
CEB,2016,33063.1299853908,,8.72274958154612
CEB,2017,34898.5993254329,,8.51596264949022
CEB,2018,36731.0962344349,,8.09678212575884
CEB,2019,38302.005751171,,7.73671656535598
CHE,2015,78325.7487417695,32.3,3.38750816792445
CHE,2016,78956.0667315042,33.0,3.2713492185756
CHE,2017,79333.7437810881,32.7,3.13542145484868
CHE,2018,81371.8944120855,33.1,3.01064213419328
CHE,2019,81694.630652314,34.0,2.53795004633741
CHI,2015,,,2.61237287242451
CHI,2016,,,2.56060310651849
CHI,2017,,,2.50784100364847
CHI,2018,,,2.45418889435385
CHI,2019,,,2.39994009509903
CHL,2015,27817.9584848024,45.3,7.45055621763203
CHL,2016,27965.3473526831,,7.51260626996306
CHL,2017,27899.5979777012,45.3,7.41522665150279
CHL,2018,28499.4064000406,,7.25607207765418
CHL,2019,28227.9790507594,,7.03079649547351
CHN,2015,14857.1088234405,38.6,28.3004717268993
CHN,2016,15772.8372607502,38.5,27.4221249065299
CHN,2017,16758.0463976858,39.1,26.6835826166189
CHN,2018,17807.0490552244,38.5,25.7514953274594
CHN,2019,18820.5871645645,38.2,24.7219896643701
CIV,2015,5110.90021438908,41.5,50.5367400929959
CIV,2016,5320.88582199186,,52.9240505749256
CIV,2017,5556.1547631509,,50.5079045856325
CIV,2018,5670.24199741353,37.2,48.4041506801604
CIV,2019,5894.92235259103,,45.944939092442
CMR,2015,4698.66677843587,,46.6540418965841
CMR,2016,4767.13186148953,,45.7044523170765
CMR,2017,4797.97544185544,,44.8112563190088
CMR,2018,4851.48003949961,,43.8919191923519
CMR,2019,4882.35560028896,,43.045070011853
COD,2015,1433.21579814709,,60.1840974526037
COD,2016,1388.80163211633,,60.3102619261741
COD,2017,1395.71961761712,,60.2408046031639
COD,2018,1431.7285269693,,59.676883316964
COD,2019,1394.76461472893,,59.3584094811143
COG,2015,8977.70681641417,,34.2267854630076
COG,2016,8001.8255194505,,35.061291113473
COG,2017,7372.77046737599,,35.9303524430645
COG,2018,7029.33651566257,,36.3755911493004
COG,2019,6939.36913397466,,36.206791116104
COL,2015,16821.3801400631,52.0,15.3875001230881
COL,2016,17003.244366485,51.7,15.3821230426391
COL,2017,16986.0334182842,50.9,15.9879816403274
COL,2018,17104.1313545678,51.6,16.0283372646524
COL,2019,17336.7716030551,52.5,15.1829622104953
COM,2015,3370.5557232032,,37.8024454022098
COM,2016,3411.77123523582,,37.1193190691863
COM,2017,3472.07858942366,,36.1806383870388
COM,2018,3528.95868167877,,35.2376768603776
COM,2019,3522.66866952646,,34.5633633534748
CPV,2015,7560.13649202469,42.4,14.2477810962016
CPV,2016,7881.30336227784,,13.9188834671284
CPV,2017,8234.56000312459,,13.5237176327464
CPV,2018,8531.12961646549,,11.8384610669327
CPV,2019,9111.62993173269,,10.6045685688918
CRI,2015,21265.3176336354,48.4,15.7903242934085
CRI,2016,21936.4660575366,48.7,15.7151904851901
CRI,2017,22633.7648663302,48.3,15.3615402805872
CRI,2018,23069.8622241266,48.0,15.7834333419824
CRI,2019,23496.8294622995,48.2,15.3081432648276
CSS,2015,25404.134970126,,8.06222033211267
CSS,2016,24339.8256633701,,7.93035474237749
CSS,2017,23920.5893237126,,7.7377316200358
CSS,2018,24024.8178299696,,7.70516173754176
CSS,2019,24095.6268884397,,7.41402521366343
CUB,2015,,,18.4846599696648
CUB,2016,,,18.1282915098073
CUB,2017,,,17.7464308922507
CUB,2018,,,17.3688237093543
CUB,2019,,,17.0201050042897
CUW,2015,30861.3207651786,,
CUW,2016,30209.7882553609,,
CUW,2017,29729.1013639498,,
CUW,2018,29256.8157865286,,
CUW,2019,28659.6559014065,,
CYM,2015,73315.3845299162,,
CYM,2016,73941.8592413192,,
CYM,2017,74599.6799559357,,
CYM,2018,76124.5505976249,,
CYM,2019,77476.8409913609,,
CYP,2015,37258.5,34.0,3.99523822310536
CYP,2016,39500.8515625,32.9,3.64348114026952
CYP,2017,41417.98828125,31.4,2.52747926929767
CYP,2018,43510.03125,32.7,2.16570854548129
CYP,2019,45454.17578125,31.2,2.41074723073563
CZE,2015,42066.5759800801,25.9,2.92550905922513
CZE,2016,43069.4659744727,25.4,2.90149504358956
CZE,2017,45177.5226053634,24.9,2.80295199311181
CZE,2018,46301.082036029,25.0,2.80219299241012
CZE,2019,47763.6165520254,25.3,2.66377082699749
DEU,2015,59668.9890355282,31.4,1.39978647623171
DEU,2016,60504.5857417161,31.3,1.30724054984753
DEU,2017,61965.4342904965,31.3,1.27775937087065
DEU,2018,62481.1183971045,31.9,1.26910924531579
DEU,2019,62949.8932511855,32.2,1.18740607688
DJI,2015,4961.8681860592,,1.41053553476381
DJI,2016,5226.50026106607,,1.35362565373966
DJI,2017,5421.95649149613,41.6,1.32424871508248
DJI,2018,5590.50426604853,,1.29199266361758
DJI,2019,5809.30455041341,,1.25780431116985
DMA,2015,16920.9126555668,,
DMA,2016,17364.0773046793,,
DMA,2017,16314.2295558891,,
DMA,2018,16877.1244880642,,
DMA,2019,17619.4335416769,,
DNK,2015,62059.1285991721,28.2,2.49157664462381
DNK,2016,63468.9888246814,28.2,2.33416183454597
DNK,2017,64989.4459872347,28.7,2.11062002904543
DNK,2018,65870.8302554341,28.2,2.19166349414525
DNK,2019,66758.6323346131,27.7,2.2229608691021
DOM,2015,17973.1870256815,45.2,9.82435526376711
DOM,2016,18968.9752386179,45.7,9.02419759583515
DOM,2017,19501.8743054078,42.2,9.68324486511844
DOM,2018,20662.848586153,43.7,9.43535056308272
DOM,2019,21451.286441995,41.9,8.88331377266102
DZA,2015,15239.5171456469,,8.85097701569207
DZA,2016,15511.6858768094,,8.53615172319933
DZA,2017,15427.6641894713,,10.161292398435
DZA,2018,15343.4261222434,,10.1104520348092
DZA,2019,15199.1989965639,,10.0053795846248
EAP,2015,13493.524313755,,30.6580745003375
EAP,2016,14243.7964258558,,29.6496460084162
EAP,2017,15060.2232906328,,28.895971341724
EAP,2018,15925.0623768718,,27.96212413788
EAP,2019,16754.1433686202,,26.9079551098935
EAR,2015,9461.90923467549,,36.5362172013578
EAR,2016,9809.61992015041,,35.7458921907665
EAR,2017,10168.9948852815,,34.9269513689361
EAR,2018,10473.9534525465,,34.0110938233308
EAR,2019,10646.4619363587,,33.5355736712971
EAS,2015,17242.0281854081,,27.8909792756297
EAS,2016,17975.4681423015,,26.9559989425853
EAS,2017,18809.5074896107,,26.2518559746081
EAS,2018,19664.4172118015,,25.3913872505743
EAS,2019,20432.9804270249,,24.4234724300681
ECA,2015,18721.7381996886,,22.5706873357553
ECA,2016,19031.7409328875,,22.0844849128285
ECA,2017,19877.8402506784,,21.7627592896175
ECA,2018,20447.4402502475,,21.0926080489948
ECA,2019,20830.979013781,,20.4887369534442
ECS,2015,38753.9033161838,,8.88949070629167
ECS,2016,39278.9171415545,,8.66772611105401
ECS,2017,40335.4288573608,,8.39117535473097
ECS,2018,41177.7339574417,,8.13903676533894
ECS,2019,41861.0781841263,,7.9096889512149
ECU,2015,13881.5700738105,46.0,27.3171938571813
ECU,2016,13586.5160772568,45.0,28.0593781990725
ECU,2017,14179.1537503305,44.7,28.8156213481919
ECU,2018,14083.5069982304,45.4,29.9612138057394
ECU,2019,13870.4895118068,45.7,30.8610652741592
EGY,2015,13425.9119599492,31.8,25.9833857159297
EGY,2016,13727.3201600816,,25.5738249191684
EGY,2017,14018.3605934411,31.5,25.0617915703103
EGY,2018,14488.2094340261,,21.6811988949726
EGY,2019,15026.568243683,31.9,21.1580259380101
EMU,2015,50293.9078769481,,3.26554778475254
EMU,2016,51089.957079337,,3.22077411860891
EMU,2017,52337.9135018369,,3.1308409636181
EMU,2018,53176.6368877298,,3.0058221191826
EMU,2019,53928.4684797856,,2.98973459522789
ERI,2015,,,57.351678940451
ERI,2016,,,56.2012560895131
ERI,2017,,,57.9783093386757
ERI,2018,,,56.0725482579205
ERI,2019,,,55.5668739635451
ESP,2015,43053.761430314,36.2,3.98797599058684
ESP,2016,44274.6676149922,35.8,4.17930297428737
ESP,2017,45446.2508575695,34.7,4.31084380951656
ESP,2018,46325.2099441141,34.7,4.06932360130248
ESP,2019,46896.4171141424,34.3,4.11382637552359
EST,2015,36353.0580520449,32.7,4.03155607324466
EST,2016,37466.5561839318,31.2,3.89979892657246
EST,2017,39529.785973279,30.4,3.62576018603632
EST,2018,40849.8473475564,30.3,3.43204354995369
EST,2019,42215.0343835811,30.8,3.34008778292046
ETH,2015,1957.41454184551,35.0,67.9554159374159
ETH,2016,2084.84055616471,,66.4193704213686
ETH,2017,2222.82824478259,,64.7196824024448
ETH,2018,2311.16511656359,,63.3660820162746
ETH,2019,2437.97046047967,,61.8104146305182
EUU,2015,47490.9137112119,,4.5158631256453
EUU,2016,48336.5082885839,,4.31060033727986
EUU,2017,49704.2541206968,,4.19405504040341
EUU,2018,50737.2331625802,,4.0159732496804
EUU,2019,51662.076917369,,3.91461768216236
FIN,2015,52782.4873926277,27.1,4.32924518445834
FIN,2016,53984.6316254715,27.1,3.90367829459258
FIN,2017,55637.2262781223,27.4,3.74237659162459
FIN,2018,56226.337241343,27.3,3.46639460756851
FIN,2019,56922.4873163103,27.7,3.67175341585656
FJI,2015,11674.0633676202,,40.1317213701687
FJI,2016,11951.9196738327,,39.9881881388761
FJI,2017,12597.327485488,,39.2252399073693
FJI,2018,13100.095939444,,38.5425042233871
FJI,2019,13056.3310937089,30.7,38.220505067473
FRA,2015,50682.8953586333,32.7,2.74492881802116
FRA,2016,50984.075297832,31.9,2.87190100053817
FRA,2017,51895.5662985838,31.6,2.60567334700683
FRA,2018,52560.9536243841,32.4,2.49665280040208
FRA,2019,53448.5548849943,31.2,2.51529494034492
FRO,2015,64010.1614022331,,
FRO,2016,64156.3241575516,,
FRO,2017,65461.9113301074,,
FRO,2018,66192.0494379671,,
FRO,2019,68136.6617957112,,
FSM,2015,3739.35968767448,,
FSM,2016,3774.03193396948,,
FSM,2017,3838.04534289261,,
FSM,2018,3838.64054793262,,
FSM,2019,3965.05377269396,,
GAB,2015,20147.7116201795,,31.7403174433233
GAB,2016,19988.1755963186,,31.2569770864613
GAB,2017,19555.707882916,38.0,30.8807712368927
GAB,2018,19225.5982574678,,30.4796739141854
GAB,2019,19491.4067631396,,30.0
GBR,2015,50462.8329992477,33.3,1.14458402685791
GBR,2016,51168.2925796814,33.1,1.13788043759108
GBR,2017,52429.1275538988,32.6,1.1585616698833
GBR,2018,52983.039541197,33.7,1.06753645094695
GBR,2019,53374.0927628482,32.8,1.08545574617502
GEO,2015,14936.8434116647,36.5,46.8993943013845
GEO,2016,15442.9564358054,36.6,46.7033383983026
GEO,2017,16237.6242230275,37.9,46.0174642277338
GEO,2018,17228.6790847503,36.4,41.8700517419472
GEO,2019,18186.8816465807,35.9,41.1418446285733
GHA,2015,5607.36635657413,,43.4261410674157
GHA,2016,5666.07795334591,43.5,42.8607884401307
GHA,2017,5993.63085211077,,42.0184244466613
GHA,2018,6234.51208201488,,39.8965508902356
GHA,2019,6508.24652305901,,37.6580356214864
GIN,2015,2869.85157178732,,51.7231767909932
GIN,2016,3099.78874189372,,50.3134636437328
GIN,2017,3332.76576150531,,49.2633426289937
GIN,2018,3455.64512638662,29.6,48.5915849298942
GIN,2019,3557.46233883145,,48.2673703892797
GMB,2015,2495.95741601525,35.9,30.5745319602133
GMB,2016,2478.46055756999,,30.6353996034141
GMB,2017,2533.18683710276,,30.0721173726781
GMB,2018,2651.43281455826,,29.1626620575933
GMB,2019,2750.82132179634,,28.4343309883713
GNB,2015,2230.52993109779,,65.5652543232415
GNB,2016,2293.37861360238,,65.1057552993128
GNB,2017,2342.56110535416,,64.8347210047479
GNB,2018,2373.64935653455,34.8,64.5069221895561
GNB,2019,2442.25868377476,,64.3813975386937
GNQ,2015,27797.7942803179,,55.399577451948
GNQ,2016,24435.0645564801,,56.0147490434262
GNQ,2017,22250.4389230263,,56.5808957776355
GNQ,2018,20165.4795550607,,55.3999560993571
GNQ,2019,18446.5916579681,,55.8356005729206
GRC,2015,31347.976574604,36.0,12.5007139189579
GRC,2016,31468.6198471099,35.0,11.9289237363557
GRC,2017,31995.4108838386,34.4,11.6725573398909
GRC,2018,32722.3310444029,32.9,11.8529904226639
GRC,2019,33502.7506488997,33.1,11.1507282816022
GRD,2015,15136.6966673773,,
GRD,2016,15640.8274503805,,
GRD,2017,16291.4894625979,,
GRD,2018,16964.852001696,43.8,
GRD,2019,17036.9151689715,,
GRL,2015,63364.0536061164,,
GRL,2016,66245.7294730698,,
GRL,2017,66297.1790691281,,
GRL,2018,66887.6779268926,,
GRL,2019,68534.9419039133,,
GTM,2015,10785.9583125957,,31.875723341049
GTM,2016,10872.5938902469,,29.3773865696787
GTM,2017,11005.4592851719,,31.779564221315
GTM,2018,11192.3719192725,,32.9162721680963
GTM,2019,11466.3764932197,,31.0846578149197
GUM,2015,,,2.02402292198902
GUM,2016,,,1.97246620916215
GUM,2017,,,1.92022807949241
GUM,2018,,,1.87442082502598
GUM,2019,,,1.82416774995761
GUY,2015,12040.08253302,,17.2733258272005
GUY,2016,12420.4724727603,,16.7512847982362
GUY,2017,12801.6408529346,,16.3477151472976
GUY,2018,12980.3576003177,,15.9146527421358
GUY,2019,13402.4219472757,,15.2981983446759
HKG,2015,62779.7552386246,,0.225410395495887
HKG,2016,63749.4285013369,,0.21983462476373
HKG,2017,65662.8543379575,,0.214225584751847
HKG,2018,66993.9592604441,,0.20873164962975
HKG,2019,65388.3366418212,,0.205572640546107
HND,2015,5812.5348879105,49.2,21.0491854409635
HND,2016,5926.49025534228,49.8,19.8831800387265
HND,2017,6099.60734919414,49.4,23.9436044061677
HND,2018,6219.27973775059,48.9,23.5398236570113
HND,2019,6264.01884276715,48.2,22.5219034960644
HPC,2015,2914.03384890302,,58.9868219581698
HPC,2016,2956.59086263144,,58.5289996570196
HPC,2017,3016.38373115986,,57.7777127708303
HPC,2018,3053.40944915716,,56.7548296114227
HPC,2019,3094.41035211512,,55.4993608416736
HRV,2015,29466.4506365792,31.1,9.16002133279155
HRV,2016,30820.8050421355,30.9,7.47518701164236
HRV,2017,32348.5888556174,30.4,7.00580823954891
HRV,2018,33729.5455811943,29.7,6.14942722015248
HRV,2019,35122.7966231008,28.9,6.10427260181352
HTI,2015,3402.0283988016,,46.2550132587207
HTI,2016,3415.58218112308,,45.9335436350145
HTI,2017,3453.97142164659,,45.5955688594249
HTI,2018,3465.25480573601,,45.2587693772306
HTI,2019,3361.75328894114,,45.165510614367
HUN,2015,31485.5675425634,30.4,4.9001399780673
HUN,2016,32378.9674983075,30.3,5.03976889170395
HUN,2017,33828.714942571,30.6,5.0366843206994
HUN,2018,35798.0412754022,,4.90634361481413
HUN,2019,37662.67681014,,4.73233560479278
IBD,2015,13669.8723851709,,28.9559000034539
IBD,2016,14147.4607960246,,28.2044128956377
IBD,2017,14720.5064051308,,27.5708582140172
IBD,2018,15291.0398093318,,26.7948395800103
IBD,2019,15754.9861909747,,26.0679384355147
IBT,2015,11346.1010341675,,33.6055653955079
IBT,2016,11696.9848339604,,33.0122014225051
IBT,2017,12123.4403274652,,32.3604001597798
IBT,2018,12547.6065169327,,31.6079579186805
IBT,2019,12882.9121398515,,30.9746744831297
IDA,2015,4584.99902568175,,49.8520623882894
IDA,2016,4649.06174910145,,49.568240435228
IDA,2017,4743.55675240066,,48.6376944670413
IDA,2018,4853.06226610071,,47.7566609939386
IDA,2019,4940.15164754183,,47.2265127813667
IDB,2015,6369.42234682599,,41.866189853399
IDB,2016,6379.73619945793,,42.2520481032073
IDB,2017,6424.09547786649,,41.1594991615889
IDB,2018,6540.02977425504,,39.9963388266467
IDB,2019,6597.29007423325,,39.8335572300383
IDN,2015,10893.6621142169,38.2,32.7770295687741
IDN,2016,11319.6634287738,36.9,31.5553329221477
IDN,2017,11772.5743296107,36.4,30.5222024429742
IDN,2018,12262.2310300771,36.3,29.4464900769988
IDN,2019,12757.7850854842,35.4,28.4631336137713
IDX,2015,3613.78023092134,,54.3694697290222
IDX,2016,3711.89606197188,,53.7199860721509
IDX,2017,3838.75766461121,,52.8258243379143
IDX,2018,3948.52787213757,,52.056309645029
IDX,2019,4056.85050579817,,51.3159569585999
IND,2015,6301.67346968236,,44.2796936892031
IND,2016,6741.14883185347,,43.2048505926307
IND,2017,7116.03659185396,,42.2671064682124
IND,2018,7492.62576755145,,41.2949989249141
IND,2019,7702.17634811957,,40.6518149993227
IRL,2015,80815.6415277345,31.8,5.32101226360809
IRL,2016,80760.0974145688,32.8,5.28052712454424
IRL,2017,87731.7897045734,31.4,5.0458993333045
IRL,2018,93115.8393498329,30.6,4.76307245854298
IRL,2019,96205.7961557005,30.3,4.42881782518225
IRN,2015,14841.9048340737,35.3,16.6262000477972
IRN,2016,15920.3718021202,35.9,16.1694614774384
IRN,2017,16167.9677224227,36.7,16.0696864089308
IRN,2018,15364.8049052614,37.4,16.029301547023
IRN,2019,14841.0751514998,36.5,16.3333671412063
IRQ,2015,13516.0271989173,,9.46441408054111
IRQ,2016,15016.0920644557,,8.9479793599827
IRQ,2017,14417.6306896454,,9.02787488227848
IRQ,2018,14456.2357053191,,8.89088391833978
IRQ,2019,14910.225032382,,8.52954667554379
ISL,2015,61820.3618857662,26.8,4.23885263520567
ISL,2016,64759.2275423229,27.2,3.8950105237093
ISL,2017,65462.5033306299,26.1,3.75622973823003
ISL,2018,66703.0219398003,26.6,4.02956118339603
ISL,2019,65994.9860038103,26.8,4.03613668687776
ISR,2015,40889.5989080834,39.7,1.02058117750629
ISR,2016,41914.5802977706,39.0,1.01795579773035
ISR,2017,42895.585129847,38.2,1.00424892927195
ISR,2018,43782.6526491689,38.6,0.922922006686316
ISR,2019,44492.1226967084,38.3,0.920851321319169
ITA,2015,47311.8255262709,35.4,3.75137163801591
ITA,2016,47987.8379581014,35.2,3.88444985202648
ITA,2017,48849.2183534756,35.9,3.78281502530874
ITA,2018,49355.8751913504,35.2,3.73909753402816
ITA,2019,49690.6298505274,34.6,3.87830880419639
JAM,2015,9931.89875715182,,17.7449074478575
JAM,2016,10179.2536486158,,16.7224670562586
JAM,2017,10391.0378224678,,16.7607997632023
JAM,2018,10636.0929784551,35.3,16.2611064537037
JAM,2019,10816.3720391154,,15.2306387135388
JOR,2015,10469.6306302225,,3.43812841701753
JOR,2016,10197.5044990617,,3.42868342180535
JOR,2017,10220.492781193,,3.37515414360984
JOR,2018,10183.0248366235,,3.74240874282297
JOR,2019,10168.3588523537,,3.35614007541066
JPN,2015,44589.3032854003,30.7,3.78330569236643
JPN,2016,44926.6202909525,31.8,3.66047703814595
JPN,2017,45693.3776080987,31.8,3.59733668825534
JPN,2018,46133.0225978718,32.9,3.51265896669884
JPN,2019,46055.3498672487,33.0,3.37543887644299
KAZ,2015,30893.7594851041,26.8,18.0128552002403
KAZ,2016,30758.3227260598,27.2,16.3281046197709
KAZ,2017,31524.4416339794,27.5,15.3632871855099
KAZ,2018,32330.2274546567,27.8,14.3163639032135
KAZ,2019,33298.2123695035,28.0,13.7617849437852
KEN,2015,4679.62182831938,40.8,52.5056917704688
KEN,2016,4770.31046388086,,51.8686819490656
KEN,2017,4846.86210851932,,51.2925547917114
KEN,2018,5017.66784674664,,50.3952893581909
KEN,2019,5171.71264279257,,49.7343373997981
KGZ,2015,5600.2143342846,29.0,22.5052332074851
KGZ,2016,5715.01041179003,26.8,20.6950983201358
KGZ,2017,5861.22200040503,27.3,20.349770609691
KGZ,2018,5951.82876758606,27.7,19.9967173788479
KGZ,2019,6087.60193826927,29.7,16.356757524542
KHM,2015,4968.57276699143,,42.4684239936853
KHM,2016,5283.72964943779,,37.5402628887708
KHM,2017,5632.03125629342,,38.206389128721
KHM,2018,6050.59088262205,,38.999256028288
KHM,2019,6448.88455952805,,39.8680962570644
KIR,2015,2616.17635911711,,
KIR,2016,2762.28741039854,,
KIR,2017,2822.02092296284,,
KIR,2018,2875.41766341166,,
KIR,2019,2926.59366475855,27.8,
KNA,2015,28729.566447667,,
KNA,2016,29867.0265589791,,
KNA,2017,29948.9200065682,,
KNA,2018,30576.2486749244,,
KNA,2019,31512.1943105684,,
KOR,2015,44849.106767089,,5.10890997480803
KOR,2016,46088.2430785383,35.2,4.81840662000926
KOR,2017,47536.7898568851,34.9,4.78443073470189
KOR,2018,48834.4471157733,33.7,4.99652179806757
KOR,2019,49790.8679884821,33.2,5.14298764562853
KWT,2015,57763.5174574395,,2.1986488786787
KWT,2016,56936.620842726,,2.14936879171515
KWT,2017,52285.5871175696,,2.10900463822288
KWT,2018,51623.8078622052,,2.09367973408935
KWT,2019,51380.6455354631,,2.03916813289584
LAC,2015,18116.8775494236,,14.2700777317547
LAC,2016,17879.6160960042,,14.352426382417
LAC,2017,18078.2959124229,,14.4634568946661
LAC,2018,18213.6232664927,,14.4548124333429
LAC,2019,18195.6679220187,,14.0922289566231
LAO,2015,6703.74124348885,,72.9649532307863
LAO,2016,7063.25545347926,,71.8509145672025
LAO,2017,7432.4596330485,,70.5291019202622
LAO,2018,7775.08574451883,38.8,69.8638841171341
LAO,2019,8075.27502377003,,69.3587576077181
LBN,2015,14980.020515614,,3.80942482667022
LBN,2016,15572.3611739774,,3.69536915843577
LBN,2017,16128.5838196051,,3.5993892883909
LBN,2018,16290.0516478592,,3.54169786813783
LBN,2019,15659.5661040012,,3.56322384711598
LBR,2015,1714.09047960464,,41.0745123756719
LBR,2016,1653.31050211233,35.3,41.3232530059278
LBR,2017,1661.30290782171,,40.6293935959209
LBR,2018,1647.97443793846,,40.5637154632524
LBR,2019,1575.76665001238,,41.3300349708652
LBY,2015,12195.3486990421,,11.5956088614974
LBY,2016,11831.8257669559,,11.5015911281222
LBY,2017,15428.1164411854,,10.7770749760327
LBY,2018,16385.164476127,,10.4455278830054
LBY,2019,14337.1962987582,,10.6903457965215
LCA,2015,20939.8810312364,43.7,10.8512123487034
LCA,2016,21566.3058799575,,10.5856609602265
LCA,2017,22207.2131041263,,10.3466545564638
LCA,2018,22761.1613461447,,11.3491589529213
LCA,2019,22445.2080507874,,9.97268414242584
LCN,2015,18762.9039878165,,13.9740097875633
LCN,2016,18550.8729173978,,14.0507709642876
LCN,2017,18744.6242855123,,14.1439390119183
LCN,2018,18893.7989523752,,14.1299401879726
LCN,2019,18883.1868618303,,13.7772818491648
LDC,2015,3444.48573373338,,56.5144485784403
LDC,2016,3530.49118814527,,55.8998444710885
LDC,2017,3628.8467447362,,54.9580184320256
LDC,2018,3726.77808267188,,54.2102471059457
LDC,2019,3830.88853350413,,53.5194413298308
LKA,2015,13329.779343882,,28.6624218253517
LKA,2016,13845.6146782218,39.3,27.1006495741435
LKA,2017,14572.4858214616,,26.0738102891425
LKA,2018,14759.8248945226,,25.497887752547
LKA,2019,14637.4442912676,37.7,25.3271996274154
LMY,2015,10435.5053265179,,34.8409153920007
LMY,2016,10798.4518286632,,34.2262039704742
LMY,2017,11215.7885981508,,33.5718538970867
LMY,2018,11619.79598111,,32.7934562518374
LMY,2019,11942.5710199999,,32.1256591235824
LSO,2015,2986.95866729879,,29.8905830107849
LSO,2016,3057.26091568162,,29.7518774975885
LSO,2017,2924.68096193272,44.9,30.1976087558198
LSO,2018,2846.41828124649,,30.2905438009037
LSO,2019,2773.28639887236,,29.8342908721852
LTE,2015,17784.0628531228,,25.2716800291386
LTE,2016,18377.0584236764,,24.5197282901287
LTE,2017,19161.6836683691,,23.8345860427164
LTE,2018,20046.5223675086,,23.0627896538313
LTE,2019,20852.8824490568,,22.109510564048
LTU,2015,35264.7149248316,37.4,9.06900215259184
LTU,2016,36632.0832798438,38.4,7.97552015621425
LTU,2017,38789.2463179035,37.3,7.78408051774895
LTU,2018,41035.4018152732,35.7,7.18259243207395
LTU,2019,43078.7118585461,35.3,6.43624094961336
LUX,2015,130097.338289025,32.9,1.07893049741675
LUX,2016,133661.734541281,31.7,1.42763233639237
LUX,2017,132169.829576174,34.5,1.07120330155526
LUX,2018,131733.884471489,35.4,1.07592765060536
LUX,2019,132724.754668303,34.2,0.749610459995935
LVA,2015,30599.6133134147,34.2,7.93915516028573
LVA,2016,31668.5148442662,34.3,7.69180567231539
LVA,2017,33036.3915943437,35.6,6.68976935813022
LVA,2018,34729.7062763057,35.1,6.90191839339437
LVA,2019,35208.1934590859,34.5,6.81182695868122
MAC,2015,123194.067291275,,0.39997234233803
MAC,2016,120530.052858314,,0.40009631948432
MAC,2017,133322.632677744,,0.399932126401525
MAC,2018,139541.157248769,,0.400037855244614
MAC,2019,133453.896026037,,0.400020241378438
MAR,2015,8198.80859375,,36.0537822119313
MAR,2016,8141.9404296875,,34.8158407998843
MAR,2017,8450.0087890625,,33.7945553125213
MAR,2018,8611.75,,32.7739388412987
MAR,2019,8768.17578125,,31.6221622583243
MDA,2015,11691.0797484184,27.0,59.5608239514084
MDA,2016,12377.366678394,26.3,60.3905852150274
MDA,2017,13118.8219369605,25.9,59.3616787145771
MDA,2018,13895.5043655692,25.7,59.1537702070967
MDA,2019,14621.2401362286,26.0,57.2971793716924
MDG,2015,1627.5806134224,,74.6442748738112
MDG,2016,1648.91226979296,,73.8172225208227
MDG,2017,1669.72764267278,,72.8504587478575
MDG,2018,1678.78623269491,,72.0046330175778
MDG,2019,1707.83153830039,,70.880430904178
MDV,2015,18829.4481529112,,9.83835457705678
MDV,2016,19345.1792343541,31.3,9.23657544257682
MDV,2017,20036.7165354949,,10.5020880551186
MDV,2018,21072.5805249694,,11.7999869916282
MDV,2019,21855.501224579,29.3,13.2520149993535
MEA,2015,13274.4834148132,,25.262120656123
MEA,2016,13660.6647261647,,25.3371913677577
MEA,2017,13738.7112789254,,24.4572058100717
MEA,2018,13857.6977166328,,23.0842601514695
MEA,2019,13875.4354818805,,23.2869004286598
MEX,2015,21408.9283216195,,13.7787551676292
MEX,2016,21578.263354126,46.9,13.441409136793
MEX,2017,21777.5225127275,,13.4862998492633
MEX,2018,21997.7730219494,46.0,13.1977173116429
MEX,2019,21704.185952748,,12.8908860045255
MHL,2015,4670.70755785577,,
MHL,2016,4897.14934002038,,
MHL,2017,5200.01066532485,,
MHL,2018,5636.02954937672,,
MHL,2019,6405.89632387105,35.5,
MIC,2015,11307.9180137805,,32.4564953533512
MIC,2016,11720.8222579728,,31.8113696398527
MIC,2017,12195.0632181132,,31.1330540533074
MIC,2018,12658.3244996246,,30.3286642885881
MIC,2019,13034.1513333008,,29.6746731967317
MKD,2015,19215.0740381192,35.6,17.8195368678202
MKD,2016,19825.7724685057,34.5,16.3886090680356
MKD,2017,20121.0510180726,34.2,15.7093616476597
MKD,2018,20805.9221192555,33.0,14.7729975833883
MKD,2019,21766.8842062487,33.5,13.4221619884512
MLI,2015,2686.56065073799,,62.2658721328548
MLI,2016,2759.11051293341,,64.9026823658392
MLI,2017,2816.19423901587,,63.1261070232154
MLI,2018,2862.40728987476,36.0,63.0028699475295
MLI,2019,2916.17167791084,,57.3529863277698
MLT,2015,46171.8893420758,29.4,1.41621201863725
MLT,2016,46967.3486291212,29.1,1.13887649833439
MLT,2017,51628.2677400365,29.2,0.9733551331345
MLT,2018,53419.0022708322,28.7,0.997408672533611
MLT,2019,53393.4231642463,31.0,1.01693704278518
MMR,2015,5313.88615901476,38.1,51.6899994587835
MMR,2016,5580.98977273232,,51.5439005791487
MMR,2017,5877.87465558175,30.7,51.3367756648574
MMR,2018,6201.26341429803,,48.9375237522185
MMR,2019,6562.98898478625,,49.7566078402761
MNA,2015,9038.56259409523,,28.926334607959
MNA,2016,9412.5084550993,,29.149342494847
MNA,2017,9558.34316749669,,28.1338046122245
MNA,2018,9610.53590554892,,26.5678947889098
MNA,2019,9622.70742842857,,26.7859996411799
MNE,2015,21131.8410316247,39.0,7.71969559702845
MNE,2016,21834.0918741924,38.5,7.74282735802021
MNE,2017,22513.7807637171,36.9,7.93636575359644
MNE,2018,23562.1762558957,36.8,8.01873975580468
MNE,2019,24585.1159529158,35.7,7.14950338649298
MNG,2015,13974.5967260365,,34.8259880467816
MNG,2016,13898.1456953585,32.3,36.7430120171734
MNG,2017,14401.5375067562,,35.0813284987755
MNG,2018,15230.2408828847,32.7,32.8251535520469
MNG,2019,15790.6961126441,,32.2994495143044
MOZ,2015,1512.5997455554,,72.1161985263635
MOZ,2016,1537.90853271216,,71.8186115418181
MOZ,2017,1532.0073576114,,71.9473675990191
MOZ,2018,1538.83512127022,,71.8528341063374
MOZ,2019,1528.88988354373,50.7,71.7705840243514
MRT,2015,5969.54239289516,,36.3004238985513
MRT,2016,5866.28144674129,,36.1025829233922
MRT,2017,6050.62180325299,,35.3647832735101
MRT,2018,6153.63790241704,,34.748587697274
MRT,2019,6162.21044455969,32.0,34.0103128073331
MUS,2015,22499.0254570551,,7.12128790193592
MUS,2016,23357.230006621,,6.80907193695854
MUS,2017,24258.988821567,36.8,6.56810564407493
MUS,2018,25243.886462031,,5.84972793735362
MUS,2019,25958.4900281465,,5.262929212073
MWI,2015,1597.69145324855,,65.3424897402481
MWI,2016,1593.59549264808,44.7,65.1682407735085
MWI,2017,1613.0593571462,,64.8075806603302
MWI,2018,1638.91665761076,,64.3619273476322
MWI,2019,1687.28944917892,38.5,63.8845220843414
MYS,2015,27699.6278860387,41.1,12.4690778902687
MYS,2016,28425.3707609412,,11.3671005610583
MYS,2017,29551.5457597197,,11.2939340883286
MYS,2018,30459.9655338061,41.2,10.6274389987205
MYS,2019,31300.5086554849,,10.2240384296119
NAC,2015,63503.57678579,,1.86957103465869
NAC,2016,64087.4542421837,,1.90184405591744
NAC,2017,65208.2856615564,,1.84353414545846
NAC,2018,66679.8386372116,,1.78703536502488
NAC,2019,67946.3411183071,,1.76137307040486
NAM,2015,12166.5658392058,59.1,24.4087539223052
NAM,2016,11846.7880832757,,20.0712772884513
NAM,2017,11408.7253099967,,21.3871873284294
NAM,2018,11214.38604306,,22.5906155608791
NAM,2019,10813.3044681944,,22.8546922006225
NCL,2015,,,1.56235213145782
NCL,2016,,,1.44406200667685
NCL,2017,,,1.32492168163802
NCL,2018,,,1.05911330049261
NCL,2019,,,1.90283652098352
NER,2015,1480.39815168147,,74.4956625879551
NER,2016,1488.08648074655,,74.5654231807336
NER,2017,1515.48307317618,,74.6338392347905
NER,2018,1565.01970005142,37.3,74.4860810587904
NER,2019,1605.19476569029,,74.4532544571212
NGA,2015,8892.05798673631,35.9,40.074203975853
NGA,2016,8534.69281482375,,39.9847799215982
NGA,2017,8396.78452243227,,39.7413292288828
NGA,2018,8362.62330860296,35.1,39.4078695397661
NGA,2019,8361.78664836,,38.9891158285411
NIC,2015,6939.03243274344,,30.9904895531965
NIC,2016,7158.75755467501,,30.5348424506459
NIC,2017,7391.19638215265,,30.2003027564442
NIC,2018,7049.02709828403,,30.4254306142227
NIC,2019,6756.59334024487,,30.6465182735337
NLD,2015,63081.4083495966,28.2,2.23642780577583
NLD,2016,64267.7476553623,28.2,2.19257165723739
NLD,2017,65665.9910229578,28.5,2.22472155518779
NLD,2018,66758.2454283317,28.1,2.05594941559686
NLD,2019,67847.8818461095,29.2,2.0101474461133
NOR,2015,87688.1196708993,27.5,2.05866581697192
NOR,2016,88041.6414808956,28.5,2.055789037659
NOR,2017,89664.9086415829,27.0,2.17708554641426
NOR,2018,90064.0687974358,27.6,2.05419596176489
NOR,2019,90772.9017041865,27.7,2.07711059080315
NPL,2015,3745.26182249477,,26.3365108741251
NPL,2016,3743.7445783578,,26.0984451264464
NPL,2017,4071.70431755798,,25.4358134676363
NPL,2018,4371.38571771897,,24.5065585520617
NPL,2019,4607.52454717112,,23.7731934205369
NRU,2015,11271.9122695363,,
NRU,2016,11531.3630078665,,
NRU,2017,10633.2766406018,,
NRU,2018,10402.6131019197,,
NRU,2019,11184.5284927206,,
NZL,2015,45097.016468387,,6.11557732004885
NZL,2016,45746.135981069,,6.5955718001209
NZL,2017,46285.9810980642,,6.31185964782864
NZL,2018,46974.6818400482,,5.88912804912112
NZL,2019,47392.1933135172,,5.82540906680777
OED,2015,47398.5562028596,,5.26129454479206
OED,2016,47990.2203158456,,5.1463172023472
OED,2017,49000.2450341257,,5.11658509921698
OED,2018,49885.2296815603,,4.99034638359645
OED,2019,50499.1828634038,,4.85860344921583
OMN,2015,39813.7887054675,,5.28414591292707
OMN,2016,39860.9893909688,,4.92359230993571
OMN,2017,38691.1077105097,,4.66234396728353
OMN,2018,38673.6045360857,,4.36034340916681
OMN,2019,38292.3859682752,,4.7924288327127
OSS,2015,21083.6921175309,,15.5973685822764
OSS,2016,21627.6861621069,,15.1408397216488
OSS,2017,22394.7899889508,,14.7921225087264
OSS,2018,23016.1225593731,,14.388467096377
OSS,2019,23776.9773929696,,13.9391912496603
PAK,2015,4645.28631071145,31.3,41.0100156050682
PAK,2016,4886.61212115378,,42.2680831973418
PAK,2017,5031.56060738433,,39.8747244915583
PAK,2018,5255.06350681272,29.6,37.4164265521233
PAK,2019,5295.95295138203,,38.3089008456774
PAN,2015,29933.1671530011,50.8,16.3560651652417
PAN,2016,30765.2490653506,50.4,17.093671673745
PAN,2017,31979.8246437748,49.9,16.1624013812683
PAN,2018,32681.4729886331,49.2,15.8577402635409
PAN,2019,33163.7172814857,49.8,16.0576090584447
PER,2015,14540.8313160635,43.4,25.0777987453624
PER,2016,14915.4366324454,43.6,25.1193667934659
PER,2017,15067.489279382,43.3,24.3067724746293
PER,2018,15384.1846082423,42.4,24.2432878754832
PER,2019,15461.4572585466,41.5,23.7015105661506
PHL,2015,7691.76308685047,44.6,27.851386470164
PHL,2016,8131.82537948653,,26.7234128847963
PHL,2017,8584.13622709699,,25.1806891263771
PHL,2018,9016.28659637608,42.3,24.0341655328165
PHL,2019,9452.2939715981,,22.6054798824319
PLW,2015,20104.2315379069,,
PLW,2016,20408.2613269723,,
PLW,2017,19693.4082379382,,
PLW,2018,19608.9617027822,,
PLW,2019,19685.6037989273,,
PNG,2015,4155.05563962107,,29.3176922684984
PNG,2016,4276.29643263164,,30.1635825253897
PNG,2017,4322.77662200998,,31.2417701222449
PNG,2018,4211.68504310327,,32.5500839457041
PNG,2019,4302.16255230002,,33.4428018978125
POL,2015,31700.3682364154,31.8,11.5341847677397
POL,2016,32675.3052259954,31.2,10.5841774948991
POL,2017,34354.5987616319,29.7,10.2217444992013
POL,2018,36500.4114282584,30.2,9.61848760646282
POL,2019,38181.6230334689,28.8,9.15364541967772
PRE,2015,4955.04368705216,,52.8409909551697
PRE,2016,4937.98687866513,,52.6623076758762
PRE,2017,4883.51888202169,,52.2356303801743
PRE,2018,4877.52526198822,,51.5920755681463
PRE,2019,4894.86910665179,,50.7916168281322
PRI,2015,41737.6068571153,,1.35957429523113
PRI,2016,41858.2626698462,,1.34176619021228
PRI,2017,41479.9977732034,,1.32824947847369
PRI,2018,41119.3088051648,,1.31374840196406
PRI,2019,41656.3291581369,,1.29272215319752
PRK,2015,,,52.9090768804743
PRK,2016,,,52.3890944606954
PRK,2017,,,52.7313297610413
PRK,2018,,,53.1288253894744
PRK,2019,,,52.9194884825273
PRT,2015,35803.3575649772,35.5,3.95165683044813
PRT,2016,36636.2978441636,35.2,3.61553758118563
PRT,2017,37943.1150505677,33.8,3.35174740170112
PRT,2018,39123.6151282575,33.5,3.14470982189453
PRT,2019,40188.2868799223,32.8,2.8773483224011
PRY,2015,14425.777586033,47.6,19.7020453457583
PRY,2016,14824.7906280812,47.9,21.3241060050382
PRY,2017,15318.4012187276,48.5,20.55290490832
PRY,2018,15591.0142663085,46.0,20.0768931677864
PRY,2019,15319.3889991221,45.7,18.7222459631732
PSE,2015,6072.65031768549,,8.7643008861722
PSE,2016,6464.13352537371,33.7,7.4684550325829
PSE,2017,6426.79521615335,,6.81914202927073
PSE,2018,6342.9374800852,,6.4351194924569
PSE,2019,6269.89134527985,,6.15273929337593
PSS,2015,6896.50177083272,,40.8381922943481
PSS,2016,7044.71064474168,,40.3908094954886
PSS,2017,7249.20252559116,,39.7463462956568
PSS,2018,7370.26163890891,,39.2675187552943
PSS,2019,7345.58196205993,,38.8114195318091
PST,2015,52274.7981957443,,3.44484728833064
PST,2016,52980.6671692557,,3.41188909878274
PST,2017,54108.2407867178,,3.34643683255377
PST,2018,55143.3332401636,,3.26749172530488
PST,2019,55954.6056964726,,3.18991328640316
PYF,2015,,,2.5636835528213
PYF,2016,,,2.49152671465022
PYF,2017,,,2.40752611138343
PYF,2018,,,2.33431613739225
PYF,2019,,,2.25211311111735
QAT,2015,123070.887876565,,1.23297366564313
QAT,2016,120054.408736518,,1.21584425434225
QAT,2017,115064.943662853,35.1,1.2462067014981
QAT,2018,114909.945485127,,1.33538216170977
QAT,2019,113160.973779334,,1.53400410893958
ROU,2015,29181.8781722441,35.9,16.0162810804354
ROU,2016,30189.147723024,34.4,14.138561345476
ROU,2017,32852.6355672255,36.0,13.8986309145005
ROU,2018,34828.8958637884,35.8,13.5531156128166
ROU,2019,36399.4746080793,34.8,12.7807371953682
RUS,2015,35037.15234375,36.5,6.78952399533163
RUS,2016,35005.4453125,36.7,6.76890174709887
RUS,2017,35570.703125,35.5,5.95768568954329
RUS,2018,36536.6953125,35.3,5.94382211323953
RUS,2019,37319.3203125,35.7,5.89324201911773
RWA,2015,2313.09716940962,,54.7182494458803
RWA,2016,2386.74841002826,43.7,53.9260649865507
RWA,2017,2441.08540816509,,53.0782419738479
RWA,2018,2577.69730366075,,50.0974182790943
RWA,2019,2753.53959810856,,47.2697178432574
SAS,2015,6259.31717310526,,43.736704218069
SAS,2016,6681.44601575684,,42.6871650089467
SAS,2017,7055.83469512198,,41.6235073141238
SAS,2018,7430.46384287571,,40.7996612717258
SAS,2019,7660.41899011306,,40.2458104716746
SAU,2015,58498.5399040699,,4.1390373917875
SAU,2016,57308.4484127497,,4.0166694632263
SAU,2017,57942.5484983044,,3.90583751423174
SAU,2018,61359.4653740388,,3.05227404310272
SAU,2019,62647.7299487842,,3.09659072429364
SDN,2015,4159.1943359375,,40.2807765614706
SDN,2016,4174.56103515625,,38.8885045580254
SDN,2017,4061.01831054688,,38.3767695210468
SDN,2018,3816.65991210938,,37.8346648562387
SDN,2019,3625.52319335938,,37.9137027873199
SEN,2015,3593.79477121279,,33.3328100594178
SEN,2016,3710.05531591559,,36.3670995820541
SEN,2017,3871.45146786374,,31.7378058056014
SEN,2018,3998.28635303867,38.3,27.2514819279818
SEN,2019,4070.6122705955,,22.9897261028775
SGP,2015,109894.041337341,,0.121459660055481
SGP,2016,112719.947951111,,0.118979259162807
SGP,2017,117492.967994526,,0.117077595142899
SGP,2018,120668.888726158,,0.115089283007242
SGP,2019,120678.341978557,,0.113041897035994
SLB,2015,2665.06620679799,,41.6984193089216
SLB,2016,2715.58152252659,,41.3109049764287
SLB,2017,2704.00988015555,,41.0897262753797
SLB,2018,2686.46317027984,,40.9657062652653
SLB,2019,2661.95770893588,,40.7019122368699
SLE,2015,2628.17058065746,,56.9303848453983
SLE,2016,2732.26093913215,,52.8692596626122
SLE,2017,2753.42719762222,,49.1639356204473
SLE,2018,2767.38003296688,35.7,46.1946948757157
SLE,2019,2852.66269829967,,45.4392797422526
SLV,2015,9646.15432339854,40.6,18.1105149998995
SLV,2016,9863.76121214453,40.0,18.6788457546191
SLV,2017,10064.7934942601,38.0,18.5748074826954
SLV,2018,10297.203612692,38.6,16.7082519446313
SLV,2019,10543.9383291317,38.8,16.2939615585558
SMR,2015,59647.6600146934,,
SMR,2016,60669.8228947966,,
SMR,2017,59524.5606827202,,
SMR,2018,59194.04440794,,
SMR,2019,60171.0506033928,,
SOM,2015,1343.92517439594,,29.5148662334521
SOM,2016,1384.15517410124,,28.7652204017459
SOM,2017,1527.66029071648,,26.6856641984545
SOM,2018,1504.97908203481,,26.8434844952069
SOM,2019,1491.29493918405,,26.8861573005292
SRB,2015,18247.8091057968,40.5,25.3249450342213
SRB,2016,18889.3816415548,38.8,24.4576761715424
SRB,2017,19438.9917129776,36.1,22.8437738847438
SRB,2018,20454.225884367,35.0,21.2816390934572
SRB,2019,21541.1264037184,34.5,20.8958194883194
SSA,2015,5017.95424219798,,53.3066407004283
SSA,2016,4954.34861846369,,53.0190980072182
SSA,2017,4950.9087329327,,52.3873945964675
SSA,2018,4960.78415927401,,51.5716098063338
SSA,2019,4960.03991221743,,50.6622820236526
SSD,2015,,,62.4305464114687
SSD,2016,,44.0,62.4626183571681
SSD,2017,,,62.1085694116691
SSD,2018,,,62.0579430491928
SSD,2019,,,62.2135360115816
SSF,2015,5019.95019038994,,53.3066407004283
SSF,2016,4956.58486807326,,53.0190980072182
SSF,2017,4953.2648572016,,52.3873945964675
SSF,2018,4963.20882492551,,51.5716098063338
SSF,2019,4962.55290682237,,50.6622820236526
SST,2015,20214.6306771707,,16.886201272786
SST,2016,20323.0292175365,,16.5214530628715
SST,2017,20732.8384950461,,16.1778862265368
SST,2018,21165.1370912777,,15.8473344623322
SST,2019,21662.7739795661,,15.4330882053344
STP,2015,5210.2037755431,,13.4369616601899
STP,2016,5388.5091334891,,12.9578451597836
STP,2017,5521.20249597413,40.7,12.5156066739813
STP,2018,5674.72379094011,,12.1777514002745
STP,2019,5702.08347071236,,12.0421328862485
SUR,2015,23327.5252497447,,7.72101637366184
SUR,2016,21950.4122148625,,7.6822426473964
SUR,2017,22070.5137570835,,7.67639259690921
SUR,2018,22938.5353715545,,7.48000425630021
SUR,2019,22966.7405999124,,7.43287763285931
SVK,2015,33507.7913603774,26.5,3.89867467606014
SVK,2016,34116.4502039273,25.2,3.46918952849452
SVK,2017,35042.7858925618,23.2,3.41180485827138
SVK,2018,36415.7920529507,25.0,2.90419290239723
SVK,2019,37194.2104548698,23.2,3.51100646936997
SVN,2015,38534.6437425951,25.4,7.09904155438421
SVN,2016,39674.8931561968,24.8,5.04580804341924
SVN,2017,41700.651085028,24.2,5.58675414089525
SVN,2018,43369.221946981,24.6,5.50396366773558
SVN,2019,44577.9418583069,24.4,4.29981767378506
SWE,2015,58955.6412361461,29.2,2.03680775764617
SWE,2016,59460.2872722689,29.6,1.88620681030464
SWE,2017,59769.0136237,28.8,1.83025659905566
SWE,2018,60124.5711994179,30.0,1.73231559050394
SWE,2019,61070.5243445838,29.3,1.68897374964482
SWZ,2015,9186.65344720515,,13.45581388787
SWZ,2016,9402.50834103681,54.6,13.1979572489291
SWZ,2017,9660.55161538086,,13.0660704052538
SWZ,2018,9578.10061089805,,13.0986066452304
SWZ,2019,10099.5863118406,,12.9095843554448
SXM,2015,51375.6032503737,,
SXM,2016,50817.6814942681,,
SXM,2017,46088.3583839152,,
SXM,2018,42154.1020267504,,
SXM,2019,45996.7912346922,,
SYC,2015,27032.2083880002,,
SYC,2016,29905.1347389952,,
SYC,2017,31595.6680570505,,
SYC,2018,32841.4242467381,32.1,
SYC,2019,34346.0708923483,,
SYR,2015,5414.83905242808,,15.7016844669711
SYR,2016,5128.91822862296,,15.8314236360903
SYR,2017,5083.65173888422,,16.1266497256459
SYR,2018,5061.49399424562,,15.7286070736751
SYR,2019,4928.02885412028,,15.6251583516787
TCA,2015,17201.7720345933,,
TCA,2016,17625.7202843515,,
TCA,2017,29540.3537473151,,
TCA,2018,30286.1196112151,,
TCA,2019,30611.2130237381,,
TCD,2015,2822.57929900014,,72.3825875848713
TCD,2016,2622.59780844501,,71.8520905673775
TCD,2017,2496.26213643158,,71.127658802366
TCD,2018,2552.37036387707,37.5,70.3853027436331
TCD,2019,2604.53153661789,,70.2043893743242
TEA,2015,13646.3812355606,,30.3160488411768
TEA,2016,14404.656964798,,29.2990353830417
TEA,2017,15229.7169213936,,28.5259811886852
TEA,2018,16103.8618914204,,27.5702875087654
TEA,2019,16941.9471937892,,26.5017495895778
TEC,2015,25834.8173197386,,15.1932191970944
TEC,2016,26118.7773736522,,14.8139414237138
TEC,2017,27008.5506544179,,14.3618766299745
TEC,2018,27881.0262510333,,13.9849514730457
TEC,2019,28540.7387047996,,13.6190339983921
TGO,2015,2588.27260980499,43.0,34.6188919922154
TGO,2016,2648.90084835076,,34.2945536790827
TGO,2017,2708.61122396846,,33.7922824314542
TGO,2018,2787.56398409759,42.5,38.4080204077315
TGO,2019,2862.62661160331,,42.5990382357115
THA,2015,18814.0408554566,36.0,32.3345065204086
THA,2016,19372.7128024107,36.7,31.2290600430982
THA,2017,20096.8605455164,36.4,31.5296819916623
THA,2018,20882.1707419576,36.4,32.1983100446982
THA,2019,21280.1504518601,34.9,31.4905856675213
TJK,2015,3041.44479553257,34.0,48.4380161504229
TJK,2016,3169.9667820524,,47.4951809193176
TJK,2017,3312.71202243506,,46.6144804932171
TJK,2018,3479.69235966041,,45.7589738474469
TJK,2019,3649.88375518646,,45.0248100946878
TKM,2015,12926.6637306966,,25.9941277006004
TKM,2016,13420.3849717471,,25.3910173626058
TKM,2017,13963.4045877295,,24.7810807374985
TKM,2018,14499.1684377606,,24.2000173170623
TKM,2019,15080.9034007693,,23.6233446792679
TLA,2015,18670.717514529,,13.9454768865052
TLA,2016,18455.8801433133,,14.0306815925629
TLA,2017,18653.3433106036,,14.1340019656102
TLA,2018,18808.0604001973,,14.1270809073768
TLA,2019,18791.1714822657,,13.7743700234323
TLS,2015,4467.80007184896,,45.3768177576915
TLS,2016,4515.422459894,,44.1140202281899
TLS,2017,4290.02709296562,,43.7562375623756
TLS,2018,4188.84099191337,,43.0663156575154
TLS,2019,5103.14964292207,,39.7972872541586
TMN,2015,9059.41391427741,,29.0272771340003
TMN,2016,9433.37331636818,,29.2567737078653
TMN,2017,9580.54922221665,,28.2393235064152
TMN,2018,9633.85835874122,,26.6672213662457
TMN,2019,9646.79140996012,,26.8917450016806
TON,2015,6195.43302733786,33.5,32.0146965385784
TON,2016,6639.98719699561,,32.1583816317432
TON,2017,6863.54796430087,,31.5017390328733
TON,2018,6885.98490469718,,31.0957940638627
TON,2019,6859.71739851786,,29.5893276052118
TSA,2015,6259.31717310526,,43.736704218069
TSA,2016,6681.44601575684,,42.6871650089467
TSA,2017,7055.83469512198,,41.6235073141238
TSA,2018,7430.46384287571,,40.7996612717258
TSA,2019,7660.41899011306,,40.2458104716746
TSS,2015,5019.95019038994,,53.3066407004283
TSS,2016,4956.58486807326,,53.0190980072182
TSS,2017,4953.2648572016,,52.3873945964675
TSS,2018,4963.20882492551,,51.5716098063338
TSS,2019,4962.55290682237,,50.6622820236526
TTO,2015,38963.9641783011,,4.79258539290711
TTO,2016,35914.9901970983,,4.55365044645748
TTO,2017,34095.9899256152,,4.52127966404781
TTO,2018,33710.0178540008,,4.41212687178013
TTO,2019,33748.7060849924,,4.32418872743197
TUN,2015,12802.7917211433,32.8,14.7513622590013
TUN,2016,12803.8797371543,,14.7653884971909
TUN,2017,12955.4014814241,,14.8123059811112
TUN,2018,13163.1952230357,,14.2906992312969
TUN,2019,13243.9024233246,,13.7052873898603
TUR,2015,25984.8027306177,42.9,20.5502429665069
TUR,2016,26489.6436816046,41.9,19.6510699696138
TUR,2017,28194.688309381,43.5,19.5336685744718
TUR,2018,28780.3036458151,42.4,18.5875285525291
TUR,2019,28741.0535082701,43.8,18.2798017789929
TUV,2015,4277.7146690273,,
TUV,2016,4495.57215692486,,
TUV,2017,4668.54376684727,,
TUV,2018,4785.23289965077,,
TUV,2019,5515.89953720794,,
TZA,2015,3111.44458007813,,66.4279036113045
TZA,2016,3214.24682617188,,65.9819389643126
TZA,2017,3318.28833007813,,65.5740614570075
TZA,2018,3392.68872070313,40.5,65.1436788643543
TZA,2019,3484.63256835938,,64.6845484878054
UGA,2015,2520.0201028843,,71.7568690258536
UGA,2016,2554.22769062073,42.8,71.6224247097463
UGA,2017,2543.84754394956,,71.4913397378003
UGA,2018,2613.87976413963,,66.7602819993876
UGA,2019,2689.41009144919,42.7,61.3604268185351
UKR,2015,15403.7099609375,25.5,14.8536221190806
UKR,2016,15856.8125,25.0,15.1913515069828
UKR,2017,16310.3603515625,26.0,15.0029523151209
UKR,2018,16978.984375,26.1,14.9050893936788
UKR,2019,17636.5546875,26.6,13.9078605168498
URY,2015,28941.6184540581,40.1,9.63788663994003
URY,2016,29332.5561568815,39.7,8.9884142591025
URY,2017,29762.4220666605,39.5,9.54741034047347
URY,2018,29757.9276055415,39.7,9.12915143205363
URY,2019,30010.5628834294,39.7,8.93794885483685
USA,2015,64367.7188912582,41.5,1.89654672691753
USA,2016,65025.9855980616,41.3,1.89639178595969
USA,2017,66164.0320014289,41.4,1.88251210793922
USA,2018,67728.4424921024,41.8,1.8191184184211
USA,2019,69121.4580016741,41.9,1.78830473970119
UZB,2015,7792.23605983713,,27.5816950924486
UZB,2016,8172.9216949615,,27.4220937139458
UZB,2017,8413.29975299494,,27.1539848581967
UZB,2018,8742.5491991216,,26.6493914736113
UZB,2019,9169.01147508351,,26.1766052839745
VCT,2015,14508.8609465459,,11.4868078360322
VCT,2016,15197.7482513352,,11.2022969795623
VCT,2017,15533.2212821544,,10.930642899154
VCT,2018,16139.0661084965,,10.6564982235398
VCT,2019,16365.3255785124,,10.4024556616644
VEN,2015,,,6.44996892704785
VEN,2016,,,6.05440848477047
VEN,2017,,,8.08683421779959
VEN,2018,,,8.79253921551871
VEN,2019,,,9.17974471433885
VIR,2015,42739.0835022993,,2.05043544836826
VIR,2016,43502.4336941564,,1.98842740155936
VIR,2017,43277.1546523522,,1.93465916074633
VIR,2018,44205.4071324394,,1.87168668181326
VIR,2019,45632.6364715693,,1.8080545915838
VNM,2015,9248.02396069622,,44.0184515218041
VNM,2016,9743.1882231455,35.3,41.8649072066788
VNM,2017,10290.5487142244,,40.1554391261382
VNM,2018,10936.8937859558,35.7,37.7241139171479
VNM,2019,11628.6139147451,,34.5351601063592
VUT,2015,3825.81231400229,,50.2711867976789
VUT,2016,3877.08354643548,,48.2954426838688
VUT,2017,3947.67824193203,,46.2302777145929
VUT,2018,3951.18453122592,,44.6093989966213
VUT,2019,3986.65620021472,32.3,42.9179460675524
WLD,2015,17870.9797405245,,28.537576574815
WLD,2016,18234.0187668301,,28.0127060099184
WLD,2017,18714.5736777743,,27.4501841952462
WLD,2018,19189.4922263446,,26.809842056786
WLD,2019,19551.0853720052,,26.2795254151894
WSM,2015,6433.1839621351,,31.2291292062677
WSM,2016,6888.18769751001,,30.3658966390055
WSM,2017,6919.90225366914,,29.9269839748199
WSM,2018,6805.91709392797,,29.6770610431402
WSM,2019,7034.42233036815,,29.1916719750562
XKX,2015,9824.99105955319,26.5,
XKX,2016,10434.8888259268,26.7,
XKX,2017,10856.2902074239,44.2,
XKX,2018,11188.2244627966,44.6,
XKX,2019,11774.1178510908,40.2,
YEM,2015,,,30.451833050025
YEM,2016,,,30.8434607663828
YEM,2017,,,30.9956881917899
YEM,2018,,,30.6860751843797
YEM,2019,,,30.371850284259
ZAF,2015,14541.6748613669,,5.5724566442542
ZAF,2016,14501.2807823402,,5.52264523635051
ZAF,2017,14573.5980840004,,5.23662697685135
ZAF,2018,14553.5615668957,,5.12277019543145
ZAF,2019,14352.6698709871,,5.2454668193233
ZMB,2015,3576.92544834125,55.8,61.316461117631
ZMB,2016,3598.17166023389,,61.0880969604029
ZMB,2017,3612.50597664593,,60.8662845630868
ZMB,2018,3646.95966481655,,59.7734566241489
ZMB,2019,3591.56418883108,,57.3663003656749
ZWE,2015,5102.73642537223,,63.7412363958867
ZWE,2016,5070.42413209981,,63.721476169272
ZWE,2017,5234.4065377844,44.3,63.0285807508729
ZWE,2018,5415.49322028193,,62.4346505297396
ZWE,2019,4993.86546928208,50.3,62.3979720066303
